INSERT INTO dbo.PlantStates (TimeStamp, PlantState) VALUES ('20180509 11:15:59', 2)
INSERT INTO dbo.PlantStates (TimeStamp, PlantState) VALUES ('20180509 12:02:08', 1)
INSERT INTO dbo.PlantStates (TimeStamp, PlantState) VALUES ('20180509 18:13:46', 2)
INSERT INTO dbo.PlantStates (TimeStamp, PlantState) VALUES ('20180509 18:14:59', 0)
INSERT INTO dbo.PlantStates (TimeStamp, PlantState) VALUES ('20180509 19:31:45', 1)
INSERT INTO dbo.PlantStates (TimeStamp, PlantState) VALUES ('20180509 23:59:59', 0)
INSERT INTO dbo.PlantStateDuration (TimeStamp, OffDuration, OnRunningDuration, OnStoppedfDuration) VALUES ('20180509 23:59:59', '04:29:27', '02:02:55', '06:11:38')
INSERT INTO dbo.DailyProduction (TimeStamp, NumPieces, NumPiecesRejected) VALUES ('20180509 23:59:59', 648, 194.4)
INSERT INTO dbo.PlantStates (TimeStamp, PlantState) VALUES ('20180510 00:00:00', 2)
INSERT INTO dbo.PlantStates (TimeStamp, PlantState) VALUES ('20180510 03:08:12', 1)
INSERT INTO dbo.PlantStates (TimeStamp, PlantState) VALUES ('20180510 09:11:55', 2)
INSERT INTO dbo.PlantStates (TimeStamp, PlantState) VALUES ('20180510 15:15:38', 1)
INSERT INTO dbo.PlantStates (TimeStamp, PlantState) VALUES ('20180510 22:40:30', 2)
INSERT INTO dbo.PlantStates (TimeStamp, PlantState) VALUES ('20180510 23:59:59', 0)
INSERT INTO dbo.PlantStateDuration (TimeStamp, OffDuration, OnRunningDuration, OnStoppedfDuration) VALUES ('20180510 23:59:59', '01:19:29', '09:11:55', '13:28:35')
INSERT INTO dbo.DailyProduction (TimeStamp, NumPieces, NumPiecesRejected) VALUES ('20180510 23:59:59', 926, 212.98)
INSERT INTO dbo.PlantStates (TimeStamp, PlantState) VALUES ('20180511 00:00:00', 2)
INSERT INTO dbo.PlantStates (TimeStamp, PlantState) VALUES ('20180511 07:11:11', 1)
INSERT INTO dbo.PlantStates (TimeStamp, PlantState) VALUES ('20180511 07:12:06', 0)
INSERT INTO dbo.PlantStates (TimeStamp, PlantState) VALUES ('20180511 15:02:08', 1)
INSERT INTO dbo.PlantStates (TimeStamp, PlantState) VALUES ('20180511 22:40:15', 0)
INSERT INTO dbo.PlantStates (TimeStamp, PlantState) VALUES ('20180511 23:59:59', 1)
INSERT INTO dbo.PlantStateDuration (TimeStamp, OffDuration, OnRunningDuration, OnStoppedfDuration) VALUES ('20180511 23:59:59', '07:39:02', '16:20:57', '00:00:00')
INSERT INTO dbo.DailyProduction (TimeStamp, NumPieces, NumPiecesRejected) VALUES ('20180511 23:59:59', 310, 102.3)
INSERT INTO dbo.PlantStates (TimeStamp, PlantState) VALUES ('20180512 00:00:00', 2)
INSERT INTO dbo.PlantStates (TimeStamp, PlantState) VALUES ('20180512 13:46:06', 0)
INSERT INTO dbo.PlantStates (TimeStamp, PlantState) VALUES ('20180512 23:59:10', 2)
INSERT INTO dbo.PlantStates (TimeStamp, PlantState) VALUES ('20180512 23:59:29', 1)
INSERT INTO dbo.PlantStates (TimeStamp, PlantState) VALUES ('20180512 23:59:54', 0)
INSERT INTO dbo.PlantStates (TimeStamp, PlantState) VALUES ('20180512 23:59:59', 1)
INSERT INTO dbo.PlantStateDuration (TimeStamp, OffDuration, OnRunningDuration, OnStoppedfDuration) VALUES ('20180512 23:59:59', '13:46:31', '00:00:24', '10:13:04')
INSERT INTO dbo.DailyProduction (TimeStamp, NumPieces, NumPiecesRejected) VALUES ('20180512 23:59:59', 590, 572.3)
INSERT INTO dbo.PlantStates (TimeStamp, PlantState) VALUES ('20180513 00:00:00', 2)
INSERT INTO dbo.PlantStates (TimeStamp, PlantState) VALUES ('20180513 06:00:13', 1)
INSERT INTO dbo.PlantStates (TimeStamp, PlantState) VALUES ('20180513 12:51:54', 0)
INSERT INTO dbo.PlantStates (TimeStamp, PlantState) VALUES ('20180513 19:36:28', 1)
INSERT INTO dbo.PlantStates (TimeStamp, PlantState) VALUES ('20180513 20:25:57', 0)
INSERT INTO dbo.PlantStates (TimeStamp, PlantState) VALUES ('20180513 23:59:59', 1)
INSERT INTO dbo.PlantStateDuration (TimeStamp, OffDuration, OnRunningDuration, OnStoppedfDuration) VALUES ('20180513 23:59:59', '07:41:10', '16:18:49', '00:00:00')
INSERT INTO dbo.DailyProduction (TimeStamp, NumPieces, NumPiecesRejected) VALUES ('20180513 23:59:59', 527, 137.02)
INSERT INTO dbo.PlantStates (TimeStamp, PlantState) VALUES ('20180514 00:00:00', 0)
INSERT INTO dbo.PlantStates (TimeStamp, PlantState) VALUES ('20180514 12:55:15', 1)
INSERT INTO dbo.PlantStates (TimeStamp, PlantState) VALUES ('20180514 15:47:31', 2)
INSERT INTO dbo.PlantStates (TimeStamp, PlantState) VALUES ('20180514 18:57:17', 0)
INSERT INTO dbo.PlantStates (TimeStamp, PlantState) VALUES ('20180514 22:58:05', 2)
INSERT INTO dbo.PlantStates (TimeStamp, PlantState) VALUES ('20180514 23:59:59', 0)
INSERT INTO dbo.PlantStateDuration (TimeStamp, OffDuration, OnRunningDuration, OnStoppedfDuration) VALUES ('20180514 23:59:59', '04:11:40', '12:55:15', '06:53:04')
INSERT INTO dbo.DailyProduction (TimeStamp, NumPieces, NumPiecesRejected) VALUES ('20180514 23:59:59', 741, 318.63)
INSERT INTO dbo.PlantStates (TimeStamp, PlantState) VALUES ('20180515 00:00:00', 2)
INSERT INTO dbo.PlantStates (TimeStamp, PlantState) VALUES ('20180515 14:43:11', 0)
INSERT INTO dbo.PlantStates (TimeStamp, PlantState) VALUES ('20180515 22:57:04', 1)
INSERT INTO dbo.PlantStates (TimeStamp, PlantState) VALUES ('20180515 23:51:51', 0)
INSERT INTO dbo.PlantStates (TimeStamp, PlantState) VALUES ('20180515 23:53:50', 2)
INSERT INTO dbo.PlantStates (TimeStamp, PlantState) VALUES ('20180515 23:59:59', 1)
INSERT INTO dbo.PlantStateDuration (TimeStamp, OffDuration, OnRunningDuration, OnStoppedfDuration) VALUES ('20180515 23:59:59', '15:37:58', '08:20:02', '00:01:59')
INSERT INTO dbo.DailyProduction (TimeStamp, NumPieces, NumPiecesRejected) VALUES ('20180515 23:59:59', 601, 282.47)
INSERT INTO dbo.PlantStates (TimeStamp, PlantState) VALUES ('20180516 00:00:00', 0)
INSERT INTO dbo.PlantStates (TimeStamp, PlantState) VALUES ('20180516 02:26:25', 1)
INSERT INTO dbo.PlantStates (TimeStamp, PlantState) VALUES ('20180516 02:38:54', 2)
INSERT INTO dbo.PlantStates (TimeStamp, PlantState) VALUES ('20180516 15:05:06', 1)
INSERT INTO dbo.PlantStates (TimeStamp, PlantState) VALUES ('20180516 19:43:17', 0)
INSERT INTO dbo.PlantStates (TimeStamp, PlantState) VALUES ('20180516 23:59:59', 1)
INSERT INTO dbo.PlantStateDuration (TimeStamp, OffDuration, OnRunningDuration, OnStoppedfDuration) VALUES ('20180516 23:59:59', '04:38:11', '19:09:19', '00:12:29')
INSERT INTO dbo.DailyProduction (TimeStamp, NumPieces, NumPiecesRejected) VALUES ('20180516 23:59:59', 546, 147.42)
INSERT INTO dbo.PlantStates (TimeStamp, PlantState) VALUES ('20180517 00:00:00', 0)
INSERT INTO dbo.PlantStates (TimeStamp, PlantState) VALUES ('20180517 06:12:32', 2)
INSERT INTO dbo.PlantStates (TimeStamp, PlantState) VALUES ('20180517 21:52:24', 1)
INSERT INTO dbo.PlantStates (TimeStamp, PlantState) VALUES ('20180517 22:22:51', 2)
INSERT INTO dbo.PlantStates (TimeStamp, PlantState) VALUES ('20180517 23:41:59', 1)
INSERT INTO dbo.PlantStates (TimeStamp, PlantState) VALUES ('20180517 23:59:59', 0)
INSERT INTO dbo.PlantStateDuration (TimeStamp, OffDuration, OnRunningDuration, OnStoppedfDuration) VALUES ('20180517 23:59:59', '00:18:00', '16:59:00', '06:42:59')
INSERT INTO dbo.DailyProduction (TimeStamp, NumPieces, NumPiecesRejected) VALUES ('20180517 23:59:59', 58, 35.96)
INSERT INTO dbo.PlantStates (TimeStamp, PlantState) VALUES ('20180518 00:00:00', 2)
INSERT INTO dbo.PlantStates (TimeStamp, PlantState) VALUES ('20180518 02:10:15', 1)
INSERT INTO dbo.PlantStates (TimeStamp, PlantState) VALUES ('20180518 11:03:15', 0)
INSERT INTO dbo.PlantStates (TimeStamp, PlantState) VALUES ('20180518 21:04:23', 1)
INSERT INTO dbo.PlantStates (TimeStamp, PlantState) VALUES ('20180518 21:36:45', 0)
INSERT INTO dbo.PlantStates (TimeStamp, PlantState) VALUES ('20180518 23:59:59', 1)
INSERT INTO dbo.PlantStateDuration (TimeStamp, OffDuration, OnRunningDuration, OnStoppedfDuration) VALUES ('20180518 23:59:59', '09:25:22', '14:34:37', '00:00:00')
INSERT INTO dbo.DailyProduction (TimeStamp, NumPieces, NumPiecesRejected) VALUES ('20180518 23:59:59', 859, 283.47)
INSERT INTO dbo.PlantStates (TimeStamp, PlantState) VALUES ('20180519 00:00:00', 2)
INSERT INTO dbo.PlantStates (TimeStamp, PlantState) VALUES ('20180519 02:32:20', 0)
INSERT INTO dbo.PlantStates (TimeStamp, PlantState) VALUES ('20180519 10:58:20', 1)
INSERT INTO dbo.PlantStates (TimeStamp, PlantState) VALUES ('20180519 22:36:29', 0)
INSERT INTO dbo.PlantStates (TimeStamp, PlantState) VALUES ('20180519 23:53:25', 2)
INSERT INTO dbo.PlantStates (TimeStamp, PlantState) VALUES ('20180519 23:59:59', 1)
INSERT INTO dbo.PlantStateDuration (TimeStamp, OffDuration, OnRunningDuration, OnStoppedfDuration) VALUES ('20180519 23:59:59', '14:10:29', '08:32:34', '01:16:56')
INSERT INTO dbo.DailyProduction (TimeStamp, NumPieces, NumPiecesRejected) VALUES ('20180519 23:59:59', 511, 454.79)
INSERT INTO dbo.PlantStates (TimeStamp, PlantState) VALUES ('20180520 00:00:00', 0)
INSERT INTO dbo.PlantStates (TimeStamp, PlantState) VALUES ('20180520 04:21:32', 2)
INSERT INTO dbo.PlantStates (TimeStamp, PlantState) VALUES ('20180520 15:06:02', 1)
INSERT INTO dbo.PlantStates (TimeStamp, PlantState) VALUES ('20180520 23:42:44', 0)
INSERT INTO dbo.PlantStates (TimeStamp, PlantState) VALUES ('20180520 23:58:44', 2)
INSERT INTO dbo.PlantStates (TimeStamp, PlantState) VALUES ('20180520 23:59:59', 0)
INSERT INTO dbo.PlantStateDuration (TimeStamp, OffDuration, OnRunningDuration, OnStoppedfDuration) VALUES ('20180520 23:59:59', '08:37:57', '10:44:30', '04:37:32')
INSERT INTO dbo.DailyProduction (TimeStamp, NumPieces, NumPiecesRejected) VALUES ('20180520 23:59:59', 378, 343.98)
INSERT INTO dbo.PlantStates (TimeStamp, PlantState) VALUES ('20180521 00:00:00', 1)
INSERT INTO dbo.PlantStates (TimeStamp, PlantState) VALUES ('20180521 02:25:12', 2)
INSERT INTO dbo.PlantStates (TimeStamp, PlantState) VALUES ('20180521 06:53:33', 0)
INSERT INTO dbo.PlantStates (TimeStamp, PlantState) VALUES ('20180521 23:31:05', 2)
INSERT INTO dbo.PlantStates (TimeStamp, PlantState) VALUES ('20180521 23:40:48', 1)
INSERT INTO dbo.PlantStates (TimeStamp, PlantState) VALUES ('20180521 23:59:59', 2)
INSERT INTO dbo.PlantStateDuration (TimeStamp, OffDuration, OnRunningDuration, OnStoppedfDuration) VALUES ('20180521 23:59:59', '04:28:21', '00:09:43', '19:21:55')
INSERT INTO dbo.DailyProduction (TimeStamp, NumPieces, NumPiecesRejected) VALUES ('20180521 23:59:59', 580, 237.8)
INSERT INTO dbo.PlantStates (TimeStamp, PlantState) VALUES ('20180522 00:00:00', 1)
INSERT INTO dbo.PlantStates (TimeStamp, PlantState) VALUES ('20180522 17:17:02', 2)
INSERT INTO dbo.PlantStates (TimeStamp, PlantState) VALUES ('20180522 22:33:01', 1)
INSERT INTO dbo.PlantStates (TimeStamp, PlantState) VALUES ('20180522 22:34:17', 0)
INSERT INTO dbo.PlantStates (TimeStamp, PlantState) VALUES ('20180522 23:55:19', 1)
INSERT INTO dbo.PlantStates (TimeStamp, PlantState) VALUES ('20180522 23:59:59', 0)
INSERT INTO dbo.PlantStateDuration (TimeStamp, OffDuration, OnRunningDuration, OnStoppedfDuration) VALUES ('20180522 23:59:59', '00:05:56', '06:37:01', '17:17:02')
INSERT INTO dbo.DailyProduction (TimeStamp, NumPieces, NumPiecesRejected) VALUES ('20180522 23:59:59', 217, 58.59)
INSERT INTO dbo.PlantStates (TimeStamp, PlantState) VALUES ('20180523 00:00:00', 1)
INSERT INTO dbo.PlantStates (TimeStamp, PlantState) VALUES ('20180523 03:56:23', 0)
INSERT INTO dbo.PlantStates (TimeStamp, PlantState) VALUES ('20180523 07:10:09', 1)
INSERT INTO dbo.PlantStates (TimeStamp, PlantState) VALUES ('20180523 14:45:23', 0)
INSERT INTO dbo.PlantStates (TimeStamp, PlantState) VALUES ('20180523 23:50:18', 2)
INSERT INTO dbo.PlantStates (TimeStamp, PlantState) VALUES ('20180523 23:59:59', 0)
INSERT INTO dbo.PlantStateDuration (TimeStamp, OffDuration, OnRunningDuration, OnStoppedfDuration) VALUES ('20180523 23:59:59', '11:41:18', '03:13:46', '09:04:55')
INSERT INTO dbo.DailyProduction (TimeStamp, NumPieces, NumPiecesRejected) VALUES ('20180523 23:59:59', 817, 32.68)
INSERT INTO dbo.PlantStates (TimeStamp, PlantState) VALUES ('20180524 00:00:00', 1)
INSERT INTO dbo.PlantStates (TimeStamp, PlantState) VALUES ('20180524 00:48:34', 0)
INSERT INTO dbo.PlantStates (TimeStamp, PlantState) VALUES ('20180524 02:28:37', 1)
INSERT INTO dbo.PlantStates (TimeStamp, PlantState) VALUES ('20180524 12:03:58', 0)
INSERT INTO dbo.PlantStates (TimeStamp, PlantState) VALUES ('20180524 12:28:56', 2)
INSERT INTO dbo.PlantStates (TimeStamp, PlantState) VALUES ('20180524 23:59:59', 1)
INSERT INTO dbo.PlantStateDuration (TimeStamp, OffDuration, OnRunningDuration, OnStoppedfDuration) VALUES ('20180524 23:59:59', '10:23:55', '13:11:06', '00:24:58')
INSERT INTO dbo.DailyProduction (TimeStamp, NumPieces, NumPiecesRejected) VALUES ('20180524 23:59:59', 292, 96.36)
INSERT INTO dbo.PlantStates (TimeStamp, PlantState) VALUES ('20180525 00:00:00', 2)
INSERT INTO dbo.PlantStates (TimeStamp, PlantState) VALUES ('20180525 10:03:15', 1)
INSERT INTO dbo.PlantStates (TimeStamp, PlantState) VALUES ('20180525 22:28:48', 0)
INSERT INTO dbo.PlantStates (TimeStamp, PlantState) VALUES ('20180525 23:30:20', 1)
INSERT INTO dbo.PlantStates (TimeStamp, PlantState) VALUES ('20180525 23:56:57', 0)
INSERT INTO dbo.PlantStates (TimeStamp, PlantState) VALUES ('20180525 23:59:59', 2)
INSERT INTO dbo.PlantStateDuration (TimeStamp, OffDuration, OnRunningDuration, OnStoppedfDuration) VALUES ('20180525 23:59:59', '12:52:10', '11:04:47', '00:03:02')
INSERT INTO dbo.DailyProduction (TimeStamp, NumPieces, NumPiecesRejected) VALUES ('20180525 23:59:59', 231, 207.9)
INSERT INTO dbo.PlantStates (TimeStamp, PlantState) VALUES ('20180526 00:00:00', 1)
INSERT INTO dbo.PlantStates (TimeStamp, PlantState) VALUES ('20180526 00:20:37', 0)
INSERT INTO dbo.PlantStates (TimeStamp, PlantState) VALUES ('20180526 14:43:24', 1)
INSERT INTO dbo.PlantStates (TimeStamp, PlantState) VALUES ('20180526 23:54:41', 2)
INSERT INTO dbo.PlantStates (TimeStamp, PlantState) VALUES ('20180526 23:58:19', 1)
INSERT INTO dbo.PlantStates (TimeStamp, PlantState) VALUES ('20180526 23:59:59', 2)
INSERT INTO dbo.PlantStateDuration (TimeStamp, OffDuration, OnRunningDuration, OnStoppedfDuration) VALUES ('20180526 23:59:59', '00:20:37', '14:26:25', '09:12:57')
INSERT INTO dbo.DailyProduction (TimeStamp, NumPieces, NumPiecesRejected) VALUES ('20180526 23:59:59', 980, 921.2)
INSERT INTO dbo.PlantStates (TimeStamp, PlantState) VALUES ('20180527 00:00:00', 0)
INSERT INTO dbo.PlantStates (TimeStamp, PlantState) VALUES ('20180527 02:04:10', 2)
INSERT INTO dbo.PlantStates (TimeStamp, PlantState) VALUES ('20180527 02:24:32', 1)
INSERT INTO dbo.PlantStates (TimeStamp, PlantState) VALUES ('20180527 06:34:32', 2)
INSERT INTO dbo.PlantStates (TimeStamp, PlantState) VALUES ('20180527 15:47:46', 0)
INSERT INTO dbo.PlantStates (TimeStamp, PlantState) VALUES ('20180527 23:59:59', 1)
INSERT INTO dbo.PlantStateDuration (TimeStamp, OffDuration, OnRunningDuration, OnStoppedfDuration) VALUES ('20180527 23:59:59', '09:13:14', '08:32:35', '06:14:10')
INSERT INTO dbo.DailyProduction (TimeStamp, NumPieces, NumPiecesRejected) VALUES ('20180527 23:59:59', 94, 62.04)
INSERT INTO dbo.PlantStates (TimeStamp, PlantState) VALUES ('20180528 00:00:00', 0)
INSERT INTO dbo.PlantStates (TimeStamp, PlantState) VALUES ('20180528 02:19:18', 1)
INSERT INTO dbo.PlantStates (TimeStamp, PlantState) VALUES ('20180528 19:52:46', 0)
INSERT INTO dbo.PlantStates (TimeStamp, PlantState) VALUES ('20180528 19:59:37', 1)
INSERT INTO dbo.PlantStates (TimeStamp, PlantState) VALUES ('20180528 21:06:25', 0)
INSERT INTO dbo.PlantStates (TimeStamp, PlantState) VALUES ('20180528 23:59:59', 2)
INSERT INTO dbo.PlantStateDuration (TimeStamp, OffDuration, OnRunningDuration, OnStoppedfDuration) VALUES ('20180528 23:59:59', '18:40:16', '02:26:09', '02:53:34')
INSERT INTO dbo.DailyProduction (TimeStamp, NumPieces, NumPiecesRejected) VALUES ('20180528 23:59:59', 562, 337.2)
INSERT INTO dbo.PlantStates (TimeStamp, PlantState) VALUES ('20180529 00:00:00', 0)
INSERT INTO dbo.PlantStates (TimeStamp, PlantState) VALUES ('20180529 01:34:41', 2)
INSERT INTO dbo.PlantStates (TimeStamp, PlantState) VALUES ('20180529 02:18:58', 1)
INSERT INTO dbo.PlantStates (TimeStamp, PlantState) VALUES ('20180529 08:46:26', 2)
INSERT INTO dbo.PlantStates (TimeStamp, PlantState) VALUES ('20180529 19:52:10', 0)
INSERT INTO dbo.PlantStates (TimeStamp, PlantState) VALUES ('20180529 23:59:59', 1)
INSERT INTO dbo.PlantStateDuration (TimeStamp, OffDuration, OnRunningDuration, OnStoppedfDuration) VALUES ('20180529 23:59:59', '11:05:44', '04:52:06', '08:02:09')
INSERT INTO dbo.DailyProduction (TimeStamp, NumPieces, NumPiecesRejected) VALUES ('20180529 23:59:59', 505, 121.2)
INSERT INTO dbo.PlantStates (TimeStamp, PlantState) VALUES ('20180530 00:00:00', 0)
INSERT INTO dbo.PlantStates (TimeStamp, PlantState) VALUES ('20180530 03:24:11', 1)
INSERT INTO dbo.PlantStates (TimeStamp, PlantState) VALUES ('20180530 18:25:11', 2)
INSERT INTO dbo.PlantStates (TimeStamp, PlantState) VALUES ('20180530 19:32:09', 1)
INSERT INTO dbo.PlantStates (TimeStamp, PlantState) VALUES ('20180530 21:07:20', 2)
INSERT INTO dbo.PlantStates (TimeStamp, PlantState) VALUES ('20180530 23:59:59', 0)
INSERT INTO dbo.PlantStateDuration (TimeStamp, OffDuration, OnRunningDuration, OnStoppedfDuration) VALUES ('20180530 23:59:59', '02:52:39', '04:31:09', '16:36:11')
INSERT INTO dbo.DailyProduction (TimeStamp, NumPieces, NumPiecesRejected) VALUES ('20180530 23:59:59', 32, 0)
INSERT INTO dbo.PlantStates (TimeStamp, PlantState) VALUES ('20180531 00:00:00', 2)
INSERT INTO dbo.PlantStates (TimeStamp, PlantState) VALUES ('20180531 02:58:19', 1)
INSERT INTO dbo.PlantStates (TimeStamp, PlantState) VALUES ('20180531 06:32:06', 0)
INSERT INTO dbo.PlantStates (TimeStamp, PlantState) VALUES ('20180531 10:49:00', 1)
INSERT INTO dbo.PlantStates (TimeStamp, PlantState) VALUES ('20180531 21:47:02', 2)
INSERT INTO dbo.PlantStates (TimeStamp, PlantState) VALUES ('20180531 23:59:59', 1)
INSERT INTO dbo.PlantStateDuration (TimeStamp, OffDuration, OnRunningDuration, OnStoppedfDuration) VALUES ('20180531 23:59:59', '03:33:47', '09:28:10', '10:58:02')
INSERT INTO dbo.DailyProduction (TimeStamp, NumPieces, NumPiecesRejected) VALUES ('20180531 23:59:59', 804, 522.6)
INSERT INTO dbo.PlantStates (TimeStamp, PlantState) VALUES ('20180601 00:00:00', 0)
INSERT INTO dbo.PlantStates (TimeStamp, PlantState) VALUES ('20180601 06:33:03', 1)
INSERT INTO dbo.PlantStates (TimeStamp, PlantState) VALUES ('20180601 14:47:57', 0)
INSERT INTO dbo.PlantStates (TimeStamp, PlantState) VALUES ('20180601 14:52:54', 1)
INSERT INTO dbo.PlantStates (TimeStamp, PlantState) VALUES ('20180601 23:53:59', 0)
INSERT INTO dbo.PlantStates (TimeStamp, PlantState) VALUES ('20180601 23:59:59', 2)
INSERT INTO dbo.PlantStateDuration (TimeStamp, OffDuration, OnRunningDuration, OnStoppedfDuration) VALUES ('20180601 23:59:59', '17:15:59', '06:38:00', '00:06:00')
INSERT INTO dbo.DailyProduction (TimeStamp, NumPieces, NumPiecesRejected) VALUES ('20180601 23:59:59', 722, 317.68)
INSERT INTO dbo.PlantStates (TimeStamp, PlantState) VALUES ('20180602 00:00:00', 0)
INSERT INTO dbo.PlantStates (TimeStamp, PlantState) VALUES ('20180602 00:27:02', 1)
INSERT INTO dbo.PlantStates (TimeStamp, PlantState) VALUES ('20180602 06:11:22', 2)
INSERT INTO dbo.PlantStates (TimeStamp, PlantState) VALUES ('20180602 19:44:10', 1)
INSERT INTO dbo.PlantStates (TimeStamp, PlantState) VALUES ('20180602 20:39:08', 0)
INSERT INTO dbo.PlantStates (TimeStamp, PlantState) VALUES ('20180602 23:59:59', 1)
INSERT INTO dbo.PlantStateDuration (TimeStamp, OffDuration, OnRunningDuration, OnStoppedfDuration) VALUES ('20180602 23:59:59', '00:54:58', '17:20:41', '05:44:20')
INSERT INTO dbo.DailyProduction (TimeStamp, NumPieces, NumPiecesRejected) VALUES ('20180602 23:59:59', 909, 727.2)
INSERT INTO dbo.PlantStates (TimeStamp, PlantState) VALUES ('20180603 00:00:00', 0)
INSERT INTO dbo.PlantStates (TimeStamp, PlantState) VALUES ('20180603 05:20:59', 2)
INSERT INTO dbo.PlantStates (TimeStamp, PlantState) VALUES ('20180603 09:31:05', 0)
INSERT INTO dbo.PlantStates (TimeStamp, PlantState) VALUES ('20180603 13:41:58', 1)
INSERT INTO dbo.PlantStates (TimeStamp, PlantState) VALUES ('20180603 13:48:06', 0)
INSERT INTO dbo.PlantStates (TimeStamp, PlantState) VALUES ('20180603 23:59:59', 2)
INSERT INTO dbo.PlantStateDuration (TimeStamp, OffDuration, OnRunningDuration, OnStoppedfDuration) VALUES ('20180603 23:59:59', '04:16:14', '04:10:53', '15:32:52')
INSERT INTO dbo.DailyProduction (TimeStamp, NumPieces, NumPiecesRejected) VALUES ('20180603 23:59:59', 133, 45.22)
INSERT INTO dbo.PlantStates (TimeStamp, PlantState) VALUES ('20180604 00:00:00', 0)
INSERT INTO dbo.PlantStates (TimeStamp, PlantState) VALUES ('20180604 09:59:06', 2)
INSERT INTO dbo.PlantStates (TimeStamp, PlantState) VALUES ('20180604 11:12:50', 0)
INSERT INTO dbo.PlantStates (TimeStamp, PlantState) VALUES ('20180604 23:58:54', 1)
INSERT INTO dbo.PlantStates (TimeStamp, PlantState) VALUES ('20180604 23:59:59', 0)
INSERT INTO dbo.PlantStates (TimeStamp, PlantState) VALUES ('20180604 23:59:59', 1)
INSERT INTO dbo.PlantStateDuration (TimeStamp, OffDuration, OnRunningDuration, OnStoppedfDuration) VALUES ('20180604 23:59:59', '01:14:49', '12:46:04', '09:59:06')
INSERT INTO dbo.DailyProduction (TimeStamp, NumPieces, NumPiecesRejected) VALUES ('20180604 23:59:59', 446, 178.4)
INSERT INTO dbo.PlantStates (TimeStamp, PlantState) VALUES ('20180605 00:00:00', 0)
INSERT INTO dbo.PlantStates (TimeStamp, PlantState) VALUES ('20180605 05:19:43', 2)
INSERT INTO dbo.PlantStates (TimeStamp, PlantState) VALUES ('20180605 11:46:03', 0)
INSERT INTO dbo.PlantStates (TimeStamp, PlantState) VALUES ('20180605 17:57:00', 2)
INSERT INTO dbo.PlantStates (TimeStamp, PlantState) VALUES ('20180605 20:35:21', 0)
INSERT INTO dbo.PlantStates (TimeStamp, PlantState) VALUES ('20180605 23:59:59', 1)
INSERT INTO dbo.PlantStateDuration (TimeStamp, OffDuration, OnRunningDuration, OnStoppedfDuration) VALUES ('20180605 23:59:59', '09:04:41', '03:24:38', '11:30:40')
INSERT INTO dbo.DailyProduction (TimeStamp, NumPieces, NumPiecesRejected) VALUES ('20180605 23:59:59', 779, 545.3)
INSERT INTO dbo.PlantStates (TimeStamp, PlantState) VALUES ('20180606 00:00:00', 0)
INSERT INTO dbo.PlantStates (TimeStamp, PlantState) VALUES ('20180606 12:10:43', 2)
INSERT INTO dbo.PlantStates (TimeStamp, PlantState) VALUES ('20180606 15:35:12', 1)
INSERT INTO dbo.PlantStates (TimeStamp, PlantState) VALUES ('20180606 20:08:13', 2)
INSERT INTO dbo.PlantStates (TimeStamp, PlantState) VALUES ('20180606 22:20:09', 1)
INSERT INTO dbo.PlantStates (TimeStamp, PlantState) VALUES ('20180606 23:59:59', 2)
INSERT INTO dbo.PlantStateDuration (TimeStamp, OffDuration, OnRunningDuration, OnStoppedfDuration) VALUES ('20180606 23:59:59', '00:00:00', '05:36:25', '18:23:34')
INSERT INTO dbo.DailyProduction (TimeStamp, NumPieces, NumPiecesRejected) VALUES ('20180606 23:59:59', 36, 24.84)
INSERT INTO dbo.PlantStates (TimeStamp, PlantState) VALUES ('20180607 00:00:00', 0)
INSERT INTO dbo.PlantStates (TimeStamp, PlantState) VALUES ('20180607 00:45:47', 2)
INSERT INTO dbo.PlantStates (TimeStamp, PlantState) VALUES ('20180607 18:30:35', 0)
INSERT INTO dbo.PlantStates (TimeStamp, PlantState) VALUES ('20180607 23:52:14', 1)
INSERT INTO dbo.PlantStates (TimeStamp, PlantState) VALUES ('20180607 23:59:18', 0)
INSERT INTO dbo.PlantStates (TimeStamp, PlantState) VALUES ('20180607 23:59:59', 1)
INSERT INTO dbo.PlantStateDuration (TimeStamp, OffDuration, OnRunningDuration, OnStoppedfDuration) VALUES ('20180607 23:59:59', '17:51:52', '05:22:20', '00:45:47')
INSERT INTO dbo.DailyProduction (TimeStamp, NumPieces, NumPiecesRejected) VALUES ('20180607 23:59:59', 970, 213.4)
INSERT INTO dbo.PlantStates (TimeStamp, PlantState) VALUES ('20180608 00:00:00', 2)
INSERT INTO dbo.PlantStates (TimeStamp, PlantState) VALUES ('20180608 19:53:04', 0)
INSERT INTO dbo.PlantStates (TimeStamp, PlantState) VALUES ('20180608 21:22:02', 1)
INSERT INTO dbo.PlantStates (TimeStamp, PlantState) VALUES ('20180608 23:39:05', 0)
INSERT INTO dbo.PlantStates (TimeStamp, PlantState) VALUES ('20180608 23:45:07', 1)
INSERT INTO dbo.PlantStates (TimeStamp, PlantState) VALUES ('20180608 23:59:59', 2)
INSERT INTO dbo.PlantStateDuration (TimeStamp, OffDuration, OnRunningDuration, OnStoppedfDuration) VALUES ('20180608 23:59:59', '22:10:07', '01:35:00', '00:14:52')
INSERT INTO dbo.DailyProduction (TimeStamp, NumPieces, NumPiecesRejected) VALUES ('20180608 23:59:59', 868, 564.2)
INSERT INTO dbo.PlantStates (TimeStamp, PlantState) VALUES ('20180609 00:00:00', 0)
INSERT INTO dbo.PlantStates (TimeStamp, PlantState) VALUES ('20180609 00:04:35', 1)
INSERT INTO dbo.PlantStates (TimeStamp, PlantState) VALUES ('20180609 11:51:20', 2)
INSERT INTO dbo.PlantStates (TimeStamp, PlantState) VALUES ('20180609 14:58:32', 0)
INSERT INTO dbo.PlantStates (TimeStamp, PlantState) VALUES ('20180609 16:33:50', 1)
INSERT INTO dbo.PlantStates (TimeStamp, PlantState) VALUES ('20180609 23:59:59', 0)
INSERT INTO dbo.PlantStateDuration (TimeStamp, OffDuration, OnRunningDuration, OnStoppedfDuration) VALUES ('20180609 23:59:59', '10:33:21', '01:39:53', '11:46:45')
INSERT INTO dbo.DailyProduction (TimeStamp, NumPieces, NumPiecesRejected) VALUES ('20180609 23:59:59', 512, 296.96)
INSERT INTO dbo.PlantStates (TimeStamp, PlantState) VALUES ('20180610 00:00:00', 1)
INSERT INTO dbo.PlantStates (TimeStamp, PlantState) VALUES ('20180610 02:27:04', 2)
INSERT INTO dbo.PlantStates (TimeStamp, PlantState) VALUES ('20180610 06:14:35', 0)
INSERT INTO dbo.PlantStates (TimeStamp, PlantState) VALUES ('20180610 09:42:42', 1)
INSERT INTO dbo.PlantStates (TimeStamp, PlantState) VALUES ('20180610 19:58:42', 2)
INSERT INTO dbo.PlantStates (TimeStamp, PlantState) VALUES ('20180610 23:59:59', 0)
INSERT INTO dbo.PlantStateDuration (TimeStamp, OffDuration, OnRunningDuration, OnStoppedfDuration) VALUES ('20180610 23:59:59', '07:48:48', '03:28:07', '12:43:04')
INSERT INTO dbo.DailyProduction (TimeStamp, NumPieces, NumPiecesRejected) VALUES ('20180610 23:59:59', 176, 0)
INSERT INTO dbo.PlantStates (TimeStamp, PlantState) VALUES ('20180611 00:00:00', 1)
INSERT INTO dbo.PlantStates (TimeStamp, PlantState) VALUES ('20180611 03:55:27', 0)
INSERT INTO dbo.PlantStates (TimeStamp, PlantState) VALUES ('20180611 07:07:20', 2)
INSERT INTO dbo.PlantStates (TimeStamp, PlantState) VALUES ('20180611 16:15:39', 1)
INSERT INTO dbo.PlantStates (TimeStamp, PlantState) VALUES ('20180611 21:49:19', 0)
INSERT INTO dbo.PlantStates (TimeStamp, PlantState) VALUES ('20180611 23:59:59', 2)
INSERT INTO dbo.PlantStateDuration (TimeStamp, OffDuration, OnRunningDuration, OnStoppedfDuration) VALUES ('20180611 23:59:59', '09:29:07', '09:08:19', '05:22:33')
INSERT INTO dbo.DailyProduction (TimeStamp, NumPieces, NumPiecesRejected) VALUES ('20180611 23:59:59', 76, 60.04)
INSERT INTO dbo.PlantStates (TimeStamp, PlantState) VALUES ('20180612 00:00:00', 0)
INSERT INTO dbo.PlantStates (TimeStamp, PlantState) VALUES ('20180612 12:32:44', 1)
INSERT INTO dbo.PlantStates (TimeStamp, PlantState) VALUES ('20180612 22:47:31', 0)
INSERT INTO dbo.PlantStates (TimeStamp, PlantState) VALUES ('20180612 23:03:46', 2)
INSERT INTO dbo.PlantStates (TimeStamp, PlantState) VALUES ('20180612 23:38:26', 1)
INSERT INTO dbo.PlantStates (TimeStamp, PlantState) VALUES ('20180612 23:59:59', 0)
INSERT INTO dbo.PlantStateDuration (TimeStamp, OffDuration, OnRunningDuration, OnStoppedfDuration) VALUES ('20180612 23:59:59', '10:36:20', '13:07:24', '00:16:15')
INSERT INTO dbo.DailyProduction (TimeStamp, NumPieces, NumPiecesRejected) VALUES ('20180612 23:59:59', 677, 101.55)
INSERT INTO dbo.PlantStates (TimeStamp, PlantState) VALUES ('20180613 00:00:00', 1)
INSERT INTO dbo.PlantStates (TimeStamp, PlantState) VALUES ('20180613 00:31:13', 0)
INSERT INTO dbo.PlantStates (TimeStamp, PlantState) VALUES ('20180613 01:09:09', 2)
INSERT INTO dbo.PlantStates (TimeStamp, PlantState) VALUES ('20180613 06:11:29', 1)
INSERT INTO dbo.PlantStates (TimeStamp, PlantState) VALUES ('20180613 07:04:44', 0)
INSERT INTO dbo.PlantStates (TimeStamp, PlantState) VALUES ('20180613 23:59:59', 2)
INSERT INTO dbo.PlantStateDuration (TimeStamp, OffDuration, OnRunningDuration, OnStoppedfDuration) VALUES ('20180613 23:59:59', '01:24:28', '05:02:20', '17:33:11')
INSERT INTO dbo.DailyProduction (TimeStamp, NumPieces, NumPiecesRejected) VALUES ('20180613 23:59:59', 694, 41.64)
INSERT INTO dbo.PlantStates (TimeStamp, PlantState) VALUES ('20180614 00:00:00', 0)
INSERT INTO dbo.PlantStates (TimeStamp, PlantState) VALUES ('20180614 06:19:32', 2)
INSERT INTO dbo.PlantStates (TimeStamp, PlantState) VALUES ('20180614 09:27:02', 1)
INSERT INTO dbo.PlantStates (TimeStamp, PlantState) VALUES ('20180614 14:36:41', 0)
INSERT INTO dbo.PlantStates (TimeStamp, PlantState) VALUES ('20180614 15:38:12', 1)
INSERT INTO dbo.PlantStates (TimeStamp, PlantState) VALUES ('20180614 23:59:59', 2)
INSERT INTO dbo.PlantStateDuration (TimeStamp, OffDuration, OnRunningDuration, OnStoppedfDuration) VALUES ('20180614 23:59:59', '05:09:39', '04:09:01', '14:41:19')
INSERT INTO dbo.DailyProduction (TimeStamp, NumPieces, NumPiecesRejected) VALUES ('20180614 23:59:59', 502, 120.48)
INSERT INTO dbo.PlantStates (TimeStamp, PlantState) VALUES ('20180615 00:00:00', 1)
INSERT INTO dbo.PlantStates (TimeStamp, PlantState) VALUES ('20180615 02:47:37', 0)
INSERT INTO dbo.PlantStates (TimeStamp, PlantState) VALUES ('20180615 02:56:11', 1)
INSERT INTO dbo.PlantStates (TimeStamp, PlantState) VALUES ('20180615 18:53:44', 2)
INSERT INTO dbo.PlantStates (TimeStamp, PlantState) VALUES ('20180615 21:12:55', 0)
INSERT INTO dbo.PlantStates (TimeStamp, PlantState) VALUES ('20180615 23:59:59', 1)
INSERT INTO dbo.PlantStateDuration (TimeStamp, OffDuration, OnRunningDuration, OnStoppedfDuration) VALUES ('20180615 23:59:59', '05:06:48', '02:55:38', '15:57:33')
INSERT INTO dbo.DailyProduction (TimeStamp, NumPieces, NumPiecesRejected) VALUES ('20180615 23:59:59', 512, 368.64)
INSERT INTO dbo.PlantStates (TimeStamp, PlantState) VALUES ('20180616 00:00:00', 0)
INSERT INTO dbo.PlantStates (TimeStamp, PlantState) VALUES ('20180616 02:29:16', 2)
INSERT INTO dbo.PlantStates (TimeStamp, PlantState) VALUES ('20180616 07:04:37', 1)
INSERT INTO dbo.PlantStates (TimeStamp, PlantState) VALUES ('20180616 23:14:21', 2)
INSERT INTO dbo.PlantStates (TimeStamp, PlantState) VALUES ('20180616 23:45:10', 0)
INSERT INTO dbo.PlantStates (TimeStamp, PlantState) VALUES ('20180616 23:59:59', 1)
INSERT INTO dbo.PlantStateDuration (TimeStamp, OffDuration, OnRunningDuration, OnStoppedfDuration) VALUES ('20180616 23:59:59', '00:30:49', '04:50:10', '18:39:00')
INSERT INTO dbo.DailyProduction (TimeStamp, NumPieces, NumPiecesRejected) VALUES ('20180616 23:59:59', 626, 513.32)
INSERT INTO dbo.PlantStates (TimeStamp, PlantState) VALUES ('20180617 00:00:00', 2)
INSERT INTO dbo.PlantStates (TimeStamp, PlantState) VALUES ('20180617 18:19:22', 1)
INSERT INTO dbo.PlantStates (TimeStamp, PlantState) VALUES ('20180617 21:03:28', 0)
INSERT INTO dbo.PlantStates (TimeStamp, PlantState) VALUES ('20180617 21:46:10', 2)
INSERT INTO dbo.PlantStates (TimeStamp, PlantState) VALUES ('20180617 21:50:30', 1)
INSERT INTO dbo.PlantStates (TimeStamp, PlantState) VALUES ('20180617 23:59:59', 2)
INSERT INTO dbo.PlantStateDuration (TimeStamp, OffDuration, OnRunningDuration, OnStoppedfDuration) VALUES ('20180617 23:59:59', '02:44:06', '18:23:42', '02:52:11')
INSERT INTO dbo.DailyProduction (TimeStamp, NumPieces, NumPiecesRejected) VALUES ('20180617 23:59:59', 283, 141.5)
INSERT INTO dbo.PlantStates (TimeStamp, PlantState) VALUES ('20180618 00:00:00', 0)
INSERT INTO dbo.PlantStates (TimeStamp, PlantState) VALUES ('20180618 06:40:49', 1)
INSERT INTO dbo.PlantStates (TimeStamp, PlantState) VALUES ('20180618 15:45:11', 2)
INSERT INTO dbo.PlantStates (TimeStamp, PlantState) VALUES ('20180618 17:57:08', 0)
INSERT INTO dbo.PlantStates (TimeStamp, PlantState) VALUES ('20180618 22:12:51', 2)
INSERT INTO dbo.PlantStates (TimeStamp, PlantState) VALUES ('20180618 23:59:59', 1)
INSERT INTO dbo.PlantStateDuration (TimeStamp, OffDuration, OnRunningDuration, OnStoppedfDuration) VALUES ('20180618 23:59:59', '02:11:57', '08:27:57', '13:20:05')
INSERT INTO dbo.DailyProduction (TimeStamp, NumPieces, NumPiecesRejected) VALUES ('20180618 23:59:59', 400, 324)
INSERT INTO dbo.PlantStates (TimeStamp, PlantState) VALUES ('20180619 00:00:00', 0)
INSERT INTO dbo.PlantStates (TimeStamp, PlantState) VALUES ('20180619 02:50:29', 2)
INSERT INTO dbo.PlantStates (TimeStamp, PlantState) VALUES ('20180619 05:47:47', 0)
INSERT INTO dbo.PlantStates (TimeStamp, PlantState) VALUES ('20180619 14:47:28', 1)
INSERT INTO dbo.PlantStates (TimeStamp, PlantState) VALUES ('20180619 15:41:12', 0)
INSERT INTO dbo.PlantStates (TimeStamp, PlantState) VALUES ('20180619 23:59:59', 2)
INSERT INTO dbo.PlantStateDuration (TimeStamp, OffDuration, OnRunningDuration, OnStoppedfDuration) VALUES ('20180619 23:59:59', '03:51:02', '08:59:41', '11:09:16')
INSERT INTO dbo.DailyProduction (TimeStamp, NumPieces, NumPiecesRejected) VALUES ('20180619 23:59:59', 897, 439.53)
INSERT INTO dbo.PlantStates (TimeStamp, PlantState) VALUES ('20180620 00:00:00', 1)
INSERT INTO dbo.PlantStates (TimeStamp, PlantState) VALUES ('20180620 12:14:19', 0)
INSERT INTO dbo.PlantStates (TimeStamp, PlantState) VALUES ('20180620 14:18:33', 2)
INSERT INTO dbo.PlantStates (TimeStamp, PlantState) VALUES ('20180620 15:36:52', 1)
INSERT INTO dbo.PlantStates (TimeStamp, PlantState) VALUES ('20180620 23:48:55', 0)
INSERT INTO dbo.PlantStates (TimeStamp, PlantState) VALUES ('20180620 23:59:59', 2)
INSERT INTO dbo.PlantStateDuration (TimeStamp, OffDuration, OnRunningDuration, OnStoppedfDuration) VALUES ('20180620 23:59:59', '20:26:22', '01:18:19', '02:15:18')
INSERT INTO dbo.DailyProduction (TimeStamp, NumPieces, NumPiecesRejected) VALUES ('20180620 23:59:59', 849, 246.21)
INSERT INTO dbo.PlantStates (TimeStamp, PlantState) VALUES ('20180621 00:00:00', 1)
INSERT INTO dbo.PlantStates (TimeStamp, PlantState) VALUES ('20180621 03:07:53', 0)
INSERT INTO dbo.PlantStates (TimeStamp, PlantState) VALUES ('20180621 04:08:39', 2)
INSERT INTO dbo.PlantStates (TimeStamp, PlantState) VALUES ('20180621 12:17:14', 0)
INSERT INTO dbo.PlantStates (TimeStamp, PlantState) VALUES ('20180621 16:06:15', 1)
INSERT INTO dbo.PlantStates (TimeStamp, PlantState) VALUES ('20180621 23:59:59', 2)
INSERT INTO dbo.PlantStateDuration (TimeStamp, OffDuration, OnRunningDuration, OnStoppedfDuration) VALUES ('20180621 23:59:59', '11:16:28', '03:49:01', '08:54:30')
INSERT INTO dbo.DailyProduction (TimeStamp, NumPieces, NumPiecesRejected) VALUES ('20180621 23:59:59', 181, 142.99)
INSERT INTO dbo.PlantStates (TimeStamp, PlantState) VALUES ('20180622 00:00:00', 0)
INSERT INTO dbo.PlantStates (TimeStamp, PlantState) VALUES ('20180622 00:57:11', 2)
INSERT INTO dbo.PlantStates (TimeStamp, PlantState) VALUES ('20180622 22:31:04', 0)
INSERT INTO dbo.PlantStates (TimeStamp, PlantState) VALUES ('20180622 23:37:21', 2)
INSERT INTO dbo.PlantStates (TimeStamp, PlantState) VALUES ('20180622 23:45:55', 0)
INSERT INTO dbo.PlantStates (TimeStamp, PlantState) VALUES ('20180622 23:59:59', 2)
INSERT INTO dbo.PlantStateDuration (TimeStamp, OffDuration, OnRunningDuration, OnStoppedfDuration) VALUES ('20180622 23:59:59', '21:42:27', '00:00:00', '02:17:32')
INSERT INTO dbo.DailyProduction (TimeStamp, NumPieces, NumPiecesRejected) VALUES ('20180622 23:59:59', 163, 107.58)
INSERT INTO dbo.PlantStates (TimeStamp, PlantState) VALUES ('20180623 00:00:00', 1)
INSERT INTO dbo.PlantStates (TimeStamp, PlantState) VALUES ('20180623 12:34:28', 0)
INSERT INTO dbo.PlantStates (TimeStamp, PlantState) VALUES ('20180623 16:43:12', 1)
INSERT INTO dbo.PlantStates (TimeStamp, PlantState) VALUES ('20180623 22:30:31', 2)
INSERT INTO dbo.PlantStates (TimeStamp, PlantState) VALUES ('20180623 23:26:35', 1)
INSERT INTO dbo.PlantStates (TimeStamp, PlantState) VALUES ('20180623 23:59:59', 0)
INSERT INTO dbo.PlantStateDuration (TimeStamp, OffDuration, OnRunningDuration, OnStoppedfDuration) VALUES ('20180623 23:59:59', '13:07:52', '05:04:48', '05:47:19')
INSERT INTO dbo.DailyProduction (TimeStamp, NumPieces, NumPiecesRejected) VALUES ('20180623 23:59:59', 284, 207.32)
INSERT INTO dbo.PlantStates (TimeStamp, PlantState) VALUES ('20180624 00:00:00', 2)
INSERT INTO dbo.PlantStates (TimeStamp, PlantState) VALUES ('20180624 01:54:27', 1)
INSERT INTO dbo.PlantStates (TimeStamp, PlantState) VALUES ('20180624 04:58:36', 0)
INSERT INTO dbo.PlantStates (TimeStamp, PlantState) VALUES ('20180624 12:54:42', 2)
INSERT INTO dbo.PlantStates (TimeStamp, PlantState) VALUES ('20180624 20:50:34', 0)
INSERT INTO dbo.PlantStates (TimeStamp, PlantState) VALUES ('20180624 23:59:59', 2)
INSERT INTO dbo.PlantStateDuration (TimeStamp, OffDuration, OnRunningDuration, OnStoppedfDuration) VALUES ('20180624 23:59:59', '11:00:01', '01:54:27', '11:05:31')
INSERT INTO dbo.DailyProduction (TimeStamp, NumPieces, NumPiecesRejected) VALUES ('20180624 23:59:59', 135, 85.05)
INSERT INTO dbo.PlantStates (TimeStamp, PlantState) VALUES ('20180625 00:00:00', 0)
INSERT INTO dbo.PlantStates (TimeStamp, PlantState) VALUES ('20180625 02:38:43', 2)
INSERT INTO dbo.PlantStates (TimeStamp, PlantState) VALUES ('20180625 13:14:41', 0)
INSERT INTO dbo.PlantStates (TimeStamp, PlantState) VALUES ('20180625 23:08:07', 1)
INSERT INTO dbo.PlantStates (TimeStamp, PlantState) VALUES ('20180625 23:33:56', 2)
INSERT INTO dbo.PlantStates (TimeStamp, PlantState) VALUES ('20180625 23:59:59', 0)
INSERT INTO dbo.PlantStateDuration (TimeStamp, OffDuration, OnRunningDuration, OnStoppedfDuration) VALUES ('20180625 23:59:59', '11:02:01', '09:53:26', '03:04:32')
INSERT INTO dbo.DailyProduction (TimeStamp, NumPieces, NumPiecesRejected) VALUES ('20180625 23:59:59', 405, 190.35)
INSERT INTO dbo.PlantStates (TimeStamp, PlantState) VALUES ('20180626 00:00:00', 2)
INSERT INTO dbo.PlantStates (TimeStamp, PlantState) VALUES ('20180626 11:34:19', 1)
INSERT INTO dbo.PlantStates (TimeStamp, PlantState) VALUES ('20180626 17:04:37', 0)
INSERT INTO dbo.PlantStates (TimeStamp, PlantState) VALUES ('20180626 21:22:16', 2)
INSERT INTO dbo.PlantStates (TimeStamp, PlantState) VALUES ('20180626 23:36:47', 0)
INSERT INTO dbo.PlantStates (TimeStamp, PlantState) VALUES ('20180626 23:59:59', 1)
INSERT INTO dbo.PlantStateDuration (TimeStamp, OffDuration, OnRunningDuration, OnStoppedfDuration) VALUES ('20180626 23:59:59', '07:44:49', '11:57:31', '04:17:39')
INSERT INTO dbo.DailyProduction (TimeStamp, NumPieces, NumPiecesRejected) VALUES ('20180626 23:59:59', 759, 273.24)
INSERT INTO dbo.PlantStates (TimeStamp, PlantState) VALUES ('20180627 00:00:00', 0)
INSERT INTO dbo.PlantStates (TimeStamp, PlantState) VALUES ('20180627 00:09:01', 2)
INSERT INTO dbo.PlantStates (TimeStamp, PlantState) VALUES ('20180627 00:40:47', 1)
INSERT INTO dbo.PlantStates (TimeStamp, PlantState) VALUES ('20180627 17:21:23', 0)
INSERT INTO dbo.PlantStates (TimeStamp, PlantState) VALUES ('20180627 23:29:05', 2)
INSERT INTO dbo.PlantStates (TimeStamp, PlantState) VALUES ('20180627 23:59:59', 0)
INSERT INTO dbo.PlantStateDuration (TimeStamp, OffDuration, OnRunningDuration, OnStoppedfDuration) VALUES ('20180627 23:59:59', '17:11:30', '00:31:46', '06:16:43')
INSERT INTO dbo.DailyProduction (TimeStamp, NumPieces, NumPiecesRejected) VALUES ('20180627 23:59:59', 111, 84.36)
INSERT INTO dbo.PlantStates (TimeStamp, PlantState) VALUES ('20180628 00:00:00', 2)
INSERT INTO dbo.PlantStates (TimeStamp, PlantState) VALUES ('20180628 09:20:29', 1)
INSERT INTO dbo.PlantStates (TimeStamp, PlantState) VALUES ('20180628 09:45:57', 2)
INSERT INTO dbo.PlantStates (TimeStamp, PlantState) VALUES ('20180628 22:56:02', 0)
INSERT INTO dbo.PlantStates (TimeStamp, PlantState) VALUES ('20180628 23:59:01', 1)
INSERT INTO dbo.PlantStates (TimeStamp, PlantState) VALUES ('20180628 23:59:59', 2)
INSERT INTO dbo.PlantStateDuration (TimeStamp, OffDuration, OnRunningDuration, OnStoppedfDuration) VALUES ('20180628 23:59:59', '13:10:05', '10:23:28', '00:26:26')
INSERT INTO dbo.DailyProduction (TimeStamp, NumPieces, NumPiecesRejected) VALUES ('20180628 23:59:59', 357, 221.34)
INSERT INTO dbo.PlantStates (TimeStamp, PlantState) VALUES ('20180629 00:00:00', 0)
INSERT INTO dbo.PlantStates (TimeStamp, PlantState) VALUES ('20180629 01:14:22', 1)
INSERT INTO dbo.PlantStates (TimeStamp, PlantState) VALUES ('20180629 01:31:05', 2)
INSERT INTO dbo.PlantStates (TimeStamp, PlantState) VALUES ('20180629 02:30:53', 0)
INSERT INTO dbo.PlantStates (TimeStamp, PlantState) VALUES ('20180629 04:24:00', 1)
INSERT INTO dbo.PlantStates (TimeStamp, PlantState) VALUES ('20180629 23:59:59', 0)
INSERT INTO dbo.PlantStateDuration (TimeStamp, OffDuration, OnRunningDuration, OnStoppedfDuration) VALUES ('20180629 23:59:59', '20:35:47', '03:07:29', '00:16:43')
INSERT INTO dbo.DailyProduction (TimeStamp, NumPieces, NumPiecesRejected) VALUES ('20180629 23:59:59', 995, 189.05)
INSERT INTO dbo.PlantStates (TimeStamp, PlantState) VALUES ('20180630 00:00:00', 1)
INSERT INTO dbo.PlantStates (TimeStamp, PlantState) VALUES ('20180630 05:17:40', 0)
INSERT INTO dbo.PlantStates (TimeStamp, PlantState) VALUES ('20180630 05:55:27', 1)
INSERT INTO dbo.PlantStates (TimeStamp, PlantState) VALUES ('20180630 07:58:29', 2)
INSERT INTO dbo.PlantStates (TimeStamp, PlantState) VALUES ('20180630 09:06:33', 0)
INSERT INTO dbo.PlantStates (TimeStamp, PlantState) VALUES ('20180630 23:59:59', 1)
INSERT INTO dbo.PlantStateDuration (TimeStamp, OffDuration, OnRunningDuration, OnStoppedfDuration) VALUES ('20180630 23:59:59', '06:25:44', '15:31:13', '02:03:02')
INSERT INTO dbo.DailyProduction (TimeStamp, NumPieces, NumPiecesRejected) VALUES ('20180630 23:59:59', 924, 776.16)
INSERT INTO dbo.PlantStates (TimeStamp, PlantState) VALUES ('20180701 00:00:00', 2)
INSERT INTO dbo.PlantStates (TimeStamp, PlantState) VALUES ('20180701 05:12:57', 0)
INSERT INTO dbo.PlantStates (TimeStamp, PlantState) VALUES ('20180701 22:05:48', 2)
INSERT INTO dbo.PlantStates (TimeStamp, PlantState) VALUES ('20180701 23:02:57', 1)
INSERT INTO dbo.PlantStates (TimeStamp, PlantState) VALUES ('20180701 23:48:01', 0)
INSERT INTO dbo.PlantStates (TimeStamp, PlantState) VALUES ('20180701 23:59:59', 1)
INSERT INTO dbo.PlantStateDuration (TimeStamp, OffDuration, OnRunningDuration, OnStoppedfDuration) VALUES ('20180701 23:59:59', '05:58:01', '01:09:07', '16:52:51')
INSERT INTO dbo.DailyProduction (TimeStamp, NumPieces, NumPiecesRejected) VALUES ('20180701 23:59:59', 124, 86.8)
INSERT INTO dbo.PlantStates (TimeStamp, PlantState) VALUES ('20180702 00:00:00', 2)
INSERT INTO dbo.PlantStates (TimeStamp, PlantState) VALUES ('20180702 01:40:50', 1)
INSERT INTO dbo.PlantStates (TimeStamp, PlantState) VALUES ('20180702 03:47:50', 0)
INSERT INTO dbo.PlantStates (TimeStamp, PlantState) VALUES ('20180702 15:55:23', 2)
INSERT INTO dbo.PlantStates (TimeStamp, PlantState) VALUES ('20180702 22:36:20', 0)
INSERT INTO dbo.PlantStates (TimeStamp, PlantState) VALUES ('20180702 23:59:59', 1)
INSERT INTO dbo.PlantStateDuration (TimeStamp, OffDuration, OnRunningDuration, OnStoppedfDuration) VALUES ('20180702 23:59:59', '08:47:57', '03:04:29', '12:07:33')
INSERT INTO dbo.DailyProduction (TimeStamp, NumPieces, NumPiecesRejected) VALUES ('20180702 23:59:59', 819, 0)
INSERT INTO dbo.PlantStates (TimeStamp, PlantState) VALUES ('20180703 00:00:00', 0)
INSERT INTO dbo.PlantStates (TimeStamp, PlantState) VALUES ('20180703 14:32:18', 2)
INSERT INTO dbo.PlantStates (TimeStamp, PlantState) VALUES ('20180703 22:50:21', 0)
INSERT INTO dbo.PlantStates (TimeStamp, PlantState) VALUES ('20180703 23:59:58', 1)
INSERT INTO dbo.PlantStates (TimeStamp, PlantState) VALUES ('20180703 23:59:58', 2)
INSERT INTO dbo.PlantStates (TimeStamp, PlantState) VALUES ('20180703 23:59:59', 0)
INSERT INTO dbo.PlantStateDuration (TimeStamp, OffDuration, OnRunningDuration, OnStoppedfDuration) VALUES ('20180703 23:59:59', '08:18:04', '01:09:37', '14:32:18')
INSERT INTO dbo.DailyProduction (TimeStamp, NumPieces, NumPiecesRejected) VALUES ('20180703 23:59:59', 849, 713.16)
INSERT INTO dbo.PlantStates (TimeStamp, PlantState) VALUES ('20180704 00:00:00', 2)
INSERT INTO dbo.PlantStates (TimeStamp, PlantState) VALUES ('20180704 04:55:28', 1)
INSERT INTO dbo.PlantStates (TimeStamp, PlantState) VALUES ('20180704 20:55:26', 0)
INSERT INTO dbo.PlantStates (TimeStamp, PlantState) VALUES ('20180704 22:42:59', 2)
INSERT INTO dbo.PlantStates (TimeStamp, PlantState) VALUES ('20180704 23:59:34', 0)
INSERT INTO dbo.PlantStates (TimeStamp, PlantState) VALUES ('20180704 23:59:59', 2)
INSERT INTO dbo.PlantStateDuration (TimeStamp, OffDuration, OnRunningDuration, OnStoppedfDuration) VALUES ('20180704 23:59:59', '17:16:33', '04:55:28', '01:47:58')
INSERT INTO dbo.DailyProduction (TimeStamp, NumPieces, NumPiecesRejected) VALUES ('20180704 23:59:59', 178, 156.64)
INSERT INTO dbo.PlantStates (TimeStamp, PlantState) VALUES ('20180705 00:00:00', 0)
INSERT INTO dbo.PlantStates (TimeStamp, PlantState) VALUES ('20180705 12:38:10', 2)
INSERT INTO dbo.PlantStates (TimeStamp, PlantState) VALUES ('20180705 13:41:46', 0)
INSERT INTO dbo.PlantStates (TimeStamp, PlantState) VALUES ('20180705 23:27:24', 1)
INSERT INTO dbo.PlantStates (TimeStamp, PlantState) VALUES ('20180705 23:32:18', 0)
INSERT INTO dbo.PlantStates (TimeStamp, PlantState) VALUES ('20180705 23:59:59', 1)
INSERT INTO dbo.PlantStateDuration (TimeStamp, OffDuration, OnRunningDuration, OnStoppedfDuration) VALUES ('20180705 23:59:59', '01:08:30', '10:13:19', '12:38:10')
INSERT INTO dbo.DailyProduction (TimeStamp, NumPieces, NumPiecesRejected) VALUES ('20180705 23:59:59', 748, 299.2)
INSERT INTO dbo.PlantStates (TimeStamp, PlantState) VALUES ('20180706 00:00:00', 2)
INSERT INTO dbo.PlantStates (TimeStamp, PlantState) VALUES ('20180706 13:57:10', 1)
INSERT INTO dbo.PlantStates (TimeStamp, PlantState) VALUES ('20180706 21:35:41', 2)
INSERT INTO dbo.PlantStates (TimeStamp, PlantState) VALUES ('20180706 23:35:55', 0)
INSERT INTO dbo.PlantStates (TimeStamp, PlantState) VALUES ('20180706 23:38:06', 2)
INSERT INTO dbo.PlantStates (TimeStamp, PlantState) VALUES ('20180706 23:59:59', 0)
INSERT INTO dbo.PlantStateDuration (TimeStamp, OffDuration, OnRunningDuration, OnStoppedfDuration) VALUES ('20180706 23:59:59', '02:22:07', '13:57:10', '07:40:42')
INSERT INTO dbo.DailyProduction (TimeStamp, NumPieces, NumPiecesRejected) VALUES ('20180706 23:59:59', 778, 241.18)
INSERT INTO dbo.PlantStates (TimeStamp, PlantState) VALUES ('20180707 00:00:00', 2)
INSERT INTO dbo.PlantStates (TimeStamp, PlantState) VALUES ('20180707 09:37:56', 1)
INSERT INTO dbo.PlantStates (TimeStamp, PlantState) VALUES ('20180707 14:02:10', 2)
INSERT INTO dbo.PlantStates (TimeStamp, PlantState) VALUES ('20180707 20:37:23', 1)
INSERT INTO dbo.PlantStates (TimeStamp, PlantState) VALUES ('20180707 22:55:56', 0)
INSERT INTO dbo.PlantStates (TimeStamp, PlantState) VALUES ('20180707 23:59:59', 1)
INSERT INTO dbo.PlantStateDuration (TimeStamp, OffDuration, OnRunningDuration, OnStoppedfDuration) VALUES ('20180707 23:59:59', '02:18:33', '17:17:12', '04:24:14')
INSERT INTO dbo.DailyProduction (TimeStamp, NumPieces, NumPiecesRejected) VALUES ('20180707 23:59:59', 780, 538.2)
INSERT INTO dbo.PlantStates (TimeStamp, PlantState) VALUES ('20180708 00:00:00', 2)
INSERT INTO dbo.PlantStates (TimeStamp, PlantState) VALUES ('20180708 11:26:34', 1)
INSERT INTO dbo.PlantStates (TimeStamp, PlantState) VALUES ('20180708 22:42:32', 2)
INSERT INTO dbo.PlantStates (TimeStamp, PlantState) VALUES ('20180708 22:49:55', 1)
INSERT INTO dbo.PlantStates (TimeStamp, PlantState) VALUES ('20180708 23:26:37', 0)
INSERT INTO dbo.PlantStates (TimeStamp, PlantState) VALUES ('20180708 23:59:59', 1)
INSERT INTO dbo.PlantStateDuration (TimeStamp, OffDuration, OnRunningDuration, OnStoppedfDuration) VALUES ('20180708 23:59:59', '00:36:42', '12:07:19', '11:15:58')
INSERT INTO dbo.DailyProduction (TimeStamp, NumPieces, NumPiecesRejected) VALUES ('20180708 23:59:59', 960, 326.4)
INSERT INTO dbo.PlantStates (TimeStamp, PlantState) VALUES ('20180709 00:00:00', 2)
INSERT INTO dbo.PlantStates (TimeStamp, PlantState) VALUES ('20180709 11:04:39', 0)
INSERT INTO dbo.PlantStates (TimeStamp, PlantState) VALUES ('20180709 15:27:07', 1)
INSERT INTO dbo.PlantStates (TimeStamp, PlantState) VALUES ('20180709 18:33:58', 2)
INSERT INTO dbo.PlantStates (TimeStamp, PlantState) VALUES ('20180709 22:23:54', 0)
INSERT INTO dbo.PlantStates (TimeStamp, PlantState) VALUES ('20180709 23:59:59', 1)
INSERT INTO dbo.PlantStateDuration (TimeStamp, OffDuration, OnRunningDuration, OnStoppedfDuration) VALUES ('20180709 23:59:59', '14:54:35', '05:58:33', '03:06:51')
INSERT INTO dbo.DailyProduction (TimeStamp, NumPieces, NumPiecesRejected) VALUES ('20180709 23:59:59', 3, 1.56)
INSERT INTO dbo.PlantStates (TimeStamp, PlantState) VALUES ('20180710 00:00:00', 2)
INSERT INTO dbo.PlantStates (TimeStamp, PlantState) VALUES ('20180710 07:54:20', 1)
INSERT INTO dbo.PlantStates (TimeStamp, PlantState) VALUES ('20180710 15:09:28', 2)
INSERT INTO dbo.PlantStates (TimeStamp, PlantState) VALUES ('20180710 15:29:36', 0)
INSERT INTO dbo.PlantStates (TimeStamp, PlantState) VALUES ('20180710 18:48:02', 2)
INSERT INTO dbo.PlantStates (TimeStamp, PlantState) VALUES ('20180710 23:59:59', 1)
INSERT INTO dbo.PlantStateDuration (TimeStamp, OffDuration, OnRunningDuration, OnStoppedfDuration) VALUES ('20180710 23:59:59', '00:20:08', '13:06:17', '10:33:34')
INSERT INTO dbo.DailyProduction (TimeStamp, NumPieces, NumPiecesRejected) VALUES ('20180710 23:59:59', 303, 136.35)
INSERT INTO dbo.PlantStates (TimeStamp, PlantState) VALUES ('20180711 00:00:00', 0)
INSERT INTO dbo.PlantStates (TimeStamp, PlantState) VALUES ('20180711 01:31:51', 1)
INSERT INTO dbo.PlantStates (TimeStamp, PlantState) VALUES ('20180711 04:02:52', 0)
INSERT INTO dbo.PlantStates (TimeStamp, PlantState) VALUES ('20180711 04:24:56', 2)
INSERT INTO dbo.PlantStates (TimeStamp, PlantState) VALUES ('20180711 21:07:21', 0)
INSERT INTO dbo.PlantStates (TimeStamp, PlantState) VALUES ('20180711 23:59:59', 1)
INSERT INTO dbo.PlantStateDuration (TimeStamp, OffDuration, OnRunningDuration, OnStoppedfDuration) VALUES ('20180711 23:59:59', '19:13:26', '04:24:29', '00:22:04')
INSERT INTO dbo.DailyProduction (TimeStamp, NumPieces, NumPiecesRejected) VALUES ('20180711 23:59:59', 506, 106.26)
INSERT INTO dbo.PlantStates (TimeStamp, PlantState) VALUES ('20180712 00:00:00', 0)
INSERT INTO dbo.PlantStates (TimeStamp, PlantState) VALUES ('20180712 02:16:25', 1)
INSERT INTO dbo.PlantStates (TimeStamp, PlantState) VALUES ('20180712 07:55:57', 2)
INSERT INTO dbo.PlantStates (TimeStamp, PlantState) VALUES ('20180712 22:03:37', 0)
INSERT INTO dbo.PlantStates (TimeStamp, PlantState) VALUES ('20180712 23:58:48', 1)
INSERT INTO dbo.PlantStates (TimeStamp, PlantState) VALUES ('20180712 23:59:59', 2)
INSERT INTO dbo.PlantStateDuration (TimeStamp, OffDuration, OnRunningDuration, OnStoppedfDuration) VALUES ('20180712 23:59:59', '14:07:40', '04:11:36', '05:40:43')
INSERT INTO dbo.DailyProduction (TimeStamp, NumPieces, NumPiecesRejected) VALUES ('20180712 23:59:59', 331, 231.7)
INSERT INTO dbo.PlantStates (TimeStamp, PlantState) VALUES ('20180713 00:00:00', 0)
INSERT INTO dbo.PlantStates (TimeStamp, PlantState) VALUES ('20180713 03:13:06', 1)
INSERT INTO dbo.PlantStates (TimeStamp, PlantState) VALUES ('20180713 03:44:12', 2)
INSERT INTO dbo.PlantStates (TimeStamp, PlantState) VALUES ('20180713 05:41:19', 1)
INSERT INTO dbo.PlantStates (TimeStamp, PlantState) VALUES ('20180713 18:02:56', 0)
INSERT INTO dbo.PlantStates (TimeStamp, PlantState) VALUES ('20180713 23:59:59', 2)
INSERT INTO dbo.PlantStateDuration (TimeStamp, OffDuration, OnRunningDuration, OnStoppedfDuration) VALUES ('20180713 23:59:59', '12:21:37', '05:10:13', '06:28:09')
INSERT INTO dbo.DailyProduction (TimeStamp, NumPieces, NumPiecesRejected) VALUES ('20180713 23:59:59', 981, 873.09)
INSERT INTO dbo.PlantStates (TimeStamp, PlantState) VALUES ('20180714 00:00:00', 1)
INSERT INTO dbo.PlantStates (TimeStamp, PlantState) VALUES ('20180714 02:16:45', 2)
INSERT INTO dbo.PlantStates (TimeStamp, PlantState) VALUES ('20180714 14:52:26', 1)
INSERT INTO dbo.PlantStates (TimeStamp, PlantState) VALUES ('20180714 21:17:50', 2)
INSERT INTO dbo.PlantStates (TimeStamp, PlantState) VALUES ('20180714 22:13:30', 1)
INSERT INTO dbo.PlantStates (TimeStamp, PlantState) VALUES ('20180714 23:59:59', 0)
INSERT INTO dbo.PlantStateDuration (TimeStamp, OffDuration, OnRunningDuration, OnStoppedfDuration) VALUES ('20180714 23:59:59', '01:46:29', '13:31:21', '08:42:09')
INSERT INTO dbo.DailyProduction (TimeStamp, NumPieces, NumPiecesRejected) VALUES ('20180714 23:59:59', 912, 428.64)
INSERT INTO dbo.PlantStates (TimeStamp, PlantState) VALUES ('20180715 00:00:00', 1)
INSERT INTO dbo.PlantStates (TimeStamp, PlantState) VALUES ('20180715 01:30:23', 0)
INSERT INTO dbo.PlantStates (TimeStamp, PlantState) VALUES ('20180715 23:55:20', 1)
INSERT INTO dbo.PlantStates (TimeStamp, PlantState) VALUES ('20180715 23:59:55', 0)
INSERT INTO dbo.PlantStates (TimeStamp, PlantState) VALUES ('20180715 23:59:59', 1)
INSERT INTO dbo.PlantStates (TimeStamp, PlantState) VALUES ('20180715 23:59:59', 0)
INSERT INTO dbo.PlantStateDuration (TimeStamp, OffDuration, OnRunningDuration, OnStoppedfDuration) VALUES ('20180715 23:59:59', '01:34:58', '22:25:01', '00:00:00')
INSERT INTO dbo.DailyProduction (TimeStamp, NumPieces, NumPiecesRejected) VALUES ('20180715 23:59:59', 954, 887.22)
INSERT INTO dbo.PlantStates (TimeStamp, PlantState) VALUES ('20180716 00:00:00', 2)
INSERT INTO dbo.PlantStates (TimeStamp, PlantState) VALUES ('20180716 04:06:10', 0)
INSERT INTO dbo.PlantStates (TimeStamp, PlantState) VALUES ('20180716 06:39:16', 2)
INSERT INTO dbo.PlantStates (TimeStamp, PlantState) VALUES ('20180716 08:34:30', 1)
INSERT INTO dbo.PlantStates (TimeStamp, PlantState) VALUES ('20180716 10:50:38', 0)
INSERT INTO dbo.PlantStates (TimeStamp, PlantState) VALUES ('20180716 23:59:59', 2)
INSERT INTO dbo.PlantStateDuration (TimeStamp, OffDuration, OnRunningDuration, OnStoppedfDuration) VALUES ('20180716 23:59:59', '06:22:18', '01:55:14', '15:42:27')
INSERT INTO dbo.DailyProduction (TimeStamp, NumPieces, NumPiecesRejected) VALUES ('20180716 23:59:59', 207, 0)
INSERT INTO dbo.PlantStates (TimeStamp, PlantState) VALUES ('20180717 00:00:00', 0)
INSERT INTO dbo.PlantStates (TimeStamp, PlantState) VALUES ('20180717 05:52:16', 2)
INSERT INTO dbo.PlantStates (TimeStamp, PlantState) VALUES ('20180717 15:24:23', 1)
INSERT INTO dbo.PlantStates (TimeStamp, PlantState) VALUES ('20180717 21:48:55', 0)
INSERT INTO dbo.PlantStates (TimeStamp, PlantState) VALUES ('20180717 23:53:13', 1)
INSERT INTO dbo.PlantStates (TimeStamp, PlantState) VALUES ('20180717 23:59:59', 2)
INSERT INTO dbo.PlantStateDuration (TimeStamp, OffDuration, OnRunningDuration, OnStoppedfDuration) VALUES ('20180717 23:59:59', '06:24:32', '11:36:25', '05:59:02')
INSERT INTO dbo.DailyProduction (TimeStamp, NumPieces, NumPiecesRejected) VALUES ('20180717 23:59:59', 778, 101.14)
INSERT INTO dbo.PlantStates (TimeStamp, PlantState) VALUES ('20180718 00:00:00', 0)
INSERT INTO dbo.PlantStates (TimeStamp, PlantState) VALUES ('20180718 16:08:41', 1)
INSERT INTO dbo.PlantStates (TimeStamp, PlantState) VALUES ('20180718 19:57:13', 0)
INSERT INTO dbo.PlantStates (TimeStamp, PlantState) VALUES ('20180718 22:27:44', 2)
INSERT INTO dbo.PlantStates (TimeStamp, PlantState) VALUES ('20180718 23:15:40', 1)
INSERT INTO dbo.PlantStates (TimeStamp, PlantState) VALUES ('20180718 23:59:59', 0)
INSERT INTO dbo.PlantStateDuration (TimeStamp, OffDuration, OnRunningDuration, OnStoppedfDuration) VALUES ('20180718 23:59:59', '04:32:51', '16:56:37', '02:30:31')
INSERT INTO dbo.DailyProduction (TimeStamp, NumPieces, NumPiecesRejected) VALUES ('20180718 23:59:59', 200, 94)
INSERT INTO dbo.PlantStates (TimeStamp, PlantState) VALUES ('20180719 00:00:00', 2)
INSERT INTO dbo.PlantStates (TimeStamp, PlantState) VALUES ('20180719 11:29:34', 0)
INSERT INTO dbo.PlantStates (TimeStamp, PlantState) VALUES ('20180719 12:46:26', 1)
INSERT INTO dbo.PlantStates (TimeStamp, PlantState) VALUES ('20180719 15:52:37', 2)
INSERT INTO dbo.PlantStates (TimeStamp, PlantState) VALUES ('20180719 23:23:44', 0)
INSERT INTO dbo.PlantStates (TimeStamp, PlantState) VALUES ('20180719 23:59:59', 2)
INSERT INTO dbo.PlantStateDuration (TimeStamp, OffDuration, OnRunningDuration, OnStoppedfDuration) VALUES ('20180719 23:59:59', '19:00:41', '01:16:52', '03:42:26')
INSERT INTO dbo.DailyProduction (TimeStamp, NumPieces, NumPiecesRejected) VALUES ('20180719 23:59:59', 51, 32.13)
INSERT INTO dbo.PlantStates (TimeStamp, PlantState) VALUES ('20180720 00:00:00', 0)
INSERT INTO dbo.PlantStates (TimeStamp, PlantState) VALUES ('20180720 07:01:45', 1)
INSERT INTO dbo.PlantStates (TimeStamp, PlantState) VALUES ('20180720 16:01:29', 2)
INSERT INTO dbo.PlantStates (TimeStamp, PlantState) VALUES ('20180720 23:23:46', 1)
INSERT INTO dbo.PlantStates (TimeStamp, PlantState) VALUES ('20180720 23:42:31', 2)
INSERT INTO dbo.PlantStates (TimeStamp, PlantState) VALUES ('20180720 23:59:59', 1)
INSERT INTO dbo.PlantStateDuration (TimeStamp, OffDuration, OnRunningDuration, OnStoppedfDuration) VALUES ('20180720 23:59:59', '00:00:00', '14:41:30', '09:18:29')
INSERT INTO dbo.DailyProduction (TimeStamp, NumPieces, NumPiecesRejected) VALUES ('20180720 23:59:59', 929, 929)
INSERT INTO dbo.PlantStates (TimeStamp, PlantState) VALUES ('20180721 00:00:00', 0)
INSERT INTO dbo.PlantStates (TimeStamp, PlantState) VALUES ('20180721 01:29:47', 2)
INSERT INTO dbo.PlantStates (TimeStamp, PlantState) VALUES ('20180721 01:31:38', 1)
INSERT INTO dbo.PlantStates (TimeStamp, PlantState) VALUES ('20180721 06:10:45', 2)
INSERT INTO dbo.PlantStates (TimeStamp, PlantState) VALUES ('20180721 09:19:54', 1)
INSERT INTO dbo.PlantStates (TimeStamp, PlantState) VALUES ('20180721 23:59:59', 0)
INSERT INTO dbo.PlantStateDuration (TimeStamp, OffDuration, OnRunningDuration, OnStoppedfDuration) VALUES ('20180721 23:59:59', '14:40:05', '03:11:00', '06:08:54')
INSERT INTO dbo.DailyProduction (TimeStamp, NumPieces, NumPiecesRejected) VALUES ('20180721 23:59:59', 445, 209.15)
INSERT INTO dbo.PlantStates (TimeStamp, PlantState) VALUES ('20180722 00:00:00', 2)
INSERT INTO dbo.PlantStates (TimeStamp, PlantState) VALUES ('20180722 05:46:12', 0)
INSERT INTO dbo.PlantStates (TimeStamp, PlantState) VALUES ('20180722 10:20:19', 1)
INSERT INTO dbo.PlantStates (TimeStamp, PlantState) VALUES ('20180722 22:59:06', 2)
INSERT INTO dbo.PlantStates (TimeStamp, PlantState) VALUES ('20180722 23:42:24', 1)
INSERT INTO dbo.PlantStates (TimeStamp, PlantState) VALUES ('20180722 23:59:59', 0)
INSERT INTO dbo.PlantStateDuration (TimeStamp, OffDuration, OnRunningDuration, OnStoppedfDuration) VALUES ('20180722 23:59:59', '06:03:47', '05:17:25', '12:38:47')
INSERT INTO dbo.DailyProduction (TimeStamp, NumPieces, NumPiecesRejected) VALUES ('20180722 23:59:59', 557, 150.39)
INSERT INTO dbo.PlantStates (TimeStamp, PlantState) VALUES ('20180723 00:00:00', 1)
INSERT INTO dbo.PlantStates (TimeStamp, PlantState) VALUES ('20180723 07:35:32', 0)
INSERT INTO dbo.PlantStates (TimeStamp, PlantState) VALUES ('20180723 10:33:13', 2)
INSERT INTO dbo.PlantStates (TimeStamp, PlantState) VALUES ('20180723 12:50:08', 1)
INSERT INTO dbo.PlantStates (TimeStamp, PlantState) VALUES ('20180723 18:28:33', 0)
INSERT INTO dbo.PlantStates (TimeStamp, PlantState) VALUES ('20180723 23:59:59', 1)
INSERT INTO dbo.PlantStateDuration (TimeStamp, OffDuration, OnRunningDuration, OnStoppedfDuration) VALUES ('20180723 23:59:59', '13:13:57', '07:48:21', '02:57:41')
INSERT INTO dbo.DailyProduction (TimeStamp, NumPieces, NumPiecesRejected) VALUES ('20180723 23:59:59', 281, 188.27)
INSERT INTO dbo.PlantStates (TimeStamp, PlantState) VALUES ('20180724 00:00:00', 0)
INSERT INTO dbo.PlantStates (TimeStamp, PlantState) VALUES ('20180724 00:02:28', 1)
INSERT INTO dbo.PlantStates (TimeStamp, PlantState) VALUES ('20180724 13:08:43', 2)
INSERT INTO dbo.PlantStates (TimeStamp, PlantState) VALUES ('20180724 18:16:23', 0)
INSERT INTO dbo.PlantStates (TimeStamp, PlantState) VALUES ('20180724 21:26:49', 1)
INSERT INTO dbo.PlantStates (TimeStamp, PlantState) VALUES ('20180724 23:59:59', 2)
INSERT INTO dbo.PlantStateDuration (TimeStamp, OffDuration, OnRunningDuration, OnStoppedfDuration) VALUES ('20180724 23:59:59', '05:07:40', '03:12:54', '15:39:25')
INSERT INTO dbo.DailyProduction (TimeStamp, NumPieces, NumPiecesRejected) VALUES ('20180724 23:59:59', 486, 383.94)
INSERT INTO dbo.PlantStates (TimeStamp, PlantState) VALUES ('20180725 00:00:00', 1)
INSERT INTO dbo.PlantStates (TimeStamp, PlantState) VALUES ('20180725 09:10:59', 2)
INSERT INTO dbo.PlantStates (TimeStamp, PlantState) VALUES ('20180725 19:42:30', 1)
INSERT INTO dbo.PlantStates (TimeStamp, PlantState) VALUES ('20180725 23:00:22', 2)
INSERT INTO dbo.PlantStates (TimeStamp, PlantState) VALUES ('20180725 23:28:38', 0)
INSERT INTO dbo.PlantStates (TimeStamp, PlantState) VALUES ('20180725 23:59:59', 1)
INSERT INTO dbo.PlantStateDuration (TimeStamp, OffDuration, OnRunningDuration, OnStoppedfDuration) VALUES ('20180725 23:59:59', '00:28:16', '11:02:52', '12:28:51')
INSERT INTO dbo.DailyProduction (TimeStamp, NumPieces, NumPiecesRejected) VALUES ('20180725 23:59:59', 392, 356.72)
INSERT INTO dbo.PlantStates (TimeStamp, PlantState) VALUES ('20180726 00:00:00', 0)
INSERT INTO dbo.PlantStates (TimeStamp, PlantState) VALUES ('20180726 01:31:04', 1)
INSERT INTO dbo.PlantStates (TimeStamp, PlantState) VALUES ('20180726 02:10:44', 0)
INSERT INTO dbo.PlantStates (TimeStamp, PlantState) VALUES ('20180726 04:51:39', 2)
INSERT INTO dbo.PlantStates (TimeStamp, PlantState) VALUES ('20180726 19:00:21', 1)
INSERT INTO dbo.PlantStates (TimeStamp, PlantState) VALUES ('20180726 23:59:59', 2)
INSERT INTO dbo.PlantStateDuration (TimeStamp, OffDuration, OnRunningDuration, OnStoppedfDuration) VALUES ('20180726 23:59:59', '00:39:40', '15:39:46', '07:40:33')
INSERT INTO dbo.DailyProduction (TimeStamp, NumPieces, NumPiecesRejected) VALUES ('20180726 23:59:59', 790, 576.7)
INSERT INTO dbo.PlantStates (TimeStamp, PlantState) VALUES ('20180727 00:00:00', 1)
INSERT INTO dbo.PlantStates (TimeStamp, PlantState) VALUES ('20180727 07:40:47', 0)
INSERT INTO dbo.PlantStates (TimeStamp, PlantState) VALUES ('20180727 08:13:44', 2)
INSERT INTO dbo.PlantStates (TimeStamp, PlantState) VALUES ('20180727 17:33:38', 0)
INSERT INTO dbo.PlantStates (TimeStamp, PlantState) VALUES ('20180727 22:09:19', 2)
INSERT INTO dbo.PlantStates (TimeStamp, PlantState) VALUES ('20180727 23:59:59', 1)
INSERT INTO dbo.PlantStateDuration (TimeStamp, OffDuration, OnRunningDuration, OnStoppedfDuration) VALUES ('20180727 23:59:59', '17:00:41', '01:50:40', '05:08:38')
INSERT INTO dbo.DailyProduction (TimeStamp, NumPieces, NumPiecesRejected) VALUES ('20180727 23:59:59', 236, 18.88)
INSERT INTO dbo.PlantStates (TimeStamp, PlantState) VALUES ('20180728 00:00:00', 2)
INSERT INTO dbo.PlantStates (TimeStamp, PlantState) VALUES ('20180728 03:39:55', 0)
INSERT INTO dbo.PlantStates (TimeStamp, PlantState) VALUES ('20180728 11:37:21', 2)
INSERT INTO dbo.PlantStates (TimeStamp, PlantState) VALUES ('20180728 11:58:47', 1)
INSERT INTO dbo.PlantStates (TimeStamp, PlantState) VALUES ('20180728 21:04:04', 0)
INSERT INTO dbo.PlantStates (TimeStamp, PlantState) VALUES ('20180728 23:59:59', 1)
INSERT INTO dbo.PlantStateDuration (TimeStamp, OffDuration, OnRunningDuration, OnStoppedfDuration) VALUES ('20180728 23:59:59', '12:45:12', '03:17:21', '07:57:26')
INSERT INTO dbo.DailyProduction (TimeStamp, NumPieces, NumPiecesRejected) VALUES ('20180728 23:59:59', 598, 41.86)
INSERT INTO dbo.PlantStates (TimeStamp, PlantState) VALUES ('20180729 00:00:00', 0)
INSERT INTO dbo.PlantStates (TimeStamp, PlantState) VALUES ('20180729 01:16:28', 2)
INSERT INTO dbo.PlantStates (TimeStamp, PlantState) VALUES ('20180729 03:15:59', 1)
INSERT INTO dbo.PlantStates (TimeStamp, PlantState) VALUES ('20180729 10:08:38', 2)
INSERT INTO dbo.PlantStates (TimeStamp, PlantState) VALUES ('20180729 21:11:52', 1)
INSERT INTO dbo.PlantStates (TimeStamp, PlantState) VALUES ('20180729 23:59:59', 2)
INSERT INTO dbo.PlantStateDuration (TimeStamp, OffDuration, OnRunningDuration, OnStoppedfDuration) VALUES ('20180729 23:59:59', '00:00:00', '13:02:45', '10:57:14')
INSERT INTO dbo.DailyProduction (TimeStamp, NumPieces, NumPiecesRejected) VALUES ('20180729 23:59:59', 884, 769.08)
INSERT INTO dbo.PlantStates (TimeStamp, PlantState) VALUES ('20180730 00:00:00', 0)
INSERT INTO dbo.PlantStates (TimeStamp, PlantState) VALUES ('20180730 06:46:27', 1)
INSERT INTO dbo.PlantStates (TimeStamp, PlantState) VALUES ('20180730 09:23:37', 2)
INSERT INTO dbo.PlantStates (TimeStamp, PlantState) VALUES ('20180730 21:31:34', 0)
INSERT INTO dbo.PlantStates (TimeStamp, PlantState) VALUES ('20180730 23:53:21', 2)
INSERT INTO dbo.PlantStates (TimeStamp, PlantState) VALUES ('20180730 23:59:59', 1)
INSERT INTO dbo.PlantStateDuration (TimeStamp, OffDuration, OnRunningDuration, OnStoppedfDuration) VALUES ('20180730 23:59:59', '12:07:57', '06:53:05', '04:58:57')
INSERT INTO dbo.DailyProduction (TimeStamp, NumPieces, NumPiecesRejected) VALUES ('20180730 23:59:59', 300, 213)
INSERT INTO dbo.PlantStates (TimeStamp, PlantState) VALUES ('20180731 00:00:00', 0)
INSERT INTO dbo.PlantStates (TimeStamp, PlantState) VALUES ('20180731 12:27:19', 1)
INSERT INTO dbo.PlantStates (TimeStamp, PlantState) VALUES ('20180731 23:19:26', 2)
INSERT INTO dbo.PlantStates (TimeStamp, PlantState) VALUES ('20180731 23:38:28', 0)
INSERT INTO dbo.PlantStates (TimeStamp, PlantState) VALUES ('20180731 23:55:56', 1)
INSERT INTO dbo.PlantStates (TimeStamp, PlantState) VALUES ('20180731 23:59:59', 0)
INSERT INTO dbo.PlantStateDuration (TimeStamp, OffDuration, OnRunningDuration, OnStoppedfDuration) VALUES ('20180731 23:59:59', '00:23:05', '12:44:47', '10:52:07')
INSERT INTO dbo.DailyProduction (TimeStamp, NumPieces, NumPiecesRejected) VALUES ('20180731 23:59:59', 340, 108.8)
INSERT INTO dbo.PlantStates (TimeStamp, PlantState) VALUES ('20180801 00:00:00', 2)
INSERT INTO dbo.PlantStates (TimeStamp, PlantState) VALUES ('20180801 06:39:25', 1)
INSERT INTO dbo.PlantStates (TimeStamp, PlantState) VALUES ('20180801 20:52:55', 2)
INSERT INTO dbo.PlantStates (TimeStamp, PlantState) VALUES ('20180801 22:35:52', 1)
INSERT INTO dbo.PlantStates (TimeStamp, PlantState) VALUES ('20180801 23:43:25', 2)
INSERT INTO dbo.PlantStates (TimeStamp, PlantState) VALUES ('20180801 23:59:59', 1)
INSERT INTO dbo.PlantStateDuration (TimeStamp, OffDuration, OnRunningDuration, OnStoppedfDuration) VALUES ('20180801 23:59:59', '00:00:00', '08:38:56', '15:21:03')
INSERT INTO dbo.DailyProduction (TimeStamp, NumPieces, NumPiecesRejected) VALUES ('20180801 23:59:59', 577, 259.65)
INSERT INTO dbo.PlantStates (TimeStamp, PlantState) VALUES ('20180802 00:00:00', 0)
INSERT INTO dbo.PlantStates (TimeStamp, PlantState) VALUES ('20180802 02:33:37', 2)
INSERT INTO dbo.PlantStates (TimeStamp, PlantState) VALUES ('20180802 08:10:21', 0)
INSERT INTO dbo.PlantStates (TimeStamp, PlantState) VALUES ('20180802 08:13:39', 2)
INSERT INTO dbo.PlantStates (TimeStamp, PlantState) VALUES ('20180802 19:05:55', 1)
INSERT INTO dbo.PlantStates (TimeStamp, PlantState) VALUES ('20180802 23:59:59', 2)
INSERT INTO dbo.PlantStateDuration (TimeStamp, OffDuration, OnRunningDuration, OnStoppedfDuration) VALUES ('20180802 23:59:59', '05:36:44', '10:52:16', '07:30:59')
INSERT INTO dbo.DailyProduction (TimeStamp, NumPieces, NumPiecesRejected) VALUES ('20180802 23:59:59', 531, 228.33)
INSERT INTO dbo.PlantStates (TimeStamp, PlantState) VALUES ('20180803 00:00:00', 1)
INSERT INTO dbo.PlantStates (TimeStamp, PlantState) VALUES ('20180803 02:28:22', 0)
INSERT INTO dbo.PlantStates (TimeStamp, PlantState) VALUES ('20180803 03:21:53', 2)
INSERT INTO dbo.PlantStates (TimeStamp, PlantState) VALUES ('20180803 22:40:22', 0)
INSERT INTO dbo.PlantStates (TimeStamp, PlantState) VALUES ('20180803 23:32:29', 2)
INSERT INTO dbo.PlantStates (TimeStamp, PlantState) VALUES ('20180803 23:59:59', 1)
INSERT INTO dbo.PlantStateDuration (TimeStamp, OffDuration, OnRunningDuration, OnStoppedfDuration) VALUES ('20180803 23:59:59', '21:46:51', '00:27:30', '01:45:38')
INSERT INTO dbo.DailyProduction (TimeStamp, NumPieces, NumPiecesRejected) VALUES ('20180803 23:59:59', 526, 383.98)
INSERT INTO dbo.PlantStates (TimeStamp, PlantState) VALUES ('20180804 00:00:00', 2)
INSERT INTO dbo.PlantStates (TimeStamp, PlantState) VALUES ('20180804 04:07:21', 0)
INSERT INTO dbo.PlantStates (TimeStamp, PlantState) VALUES ('20180804 21:53:07', 2)
INSERT INTO dbo.PlantStates (TimeStamp, PlantState) VALUES ('20180804 22:45:10', 1)
INSERT INTO dbo.PlantStates (TimeStamp, PlantState) VALUES ('20180804 22:52:43', 0)
INSERT INTO dbo.PlantStates (TimeStamp, PlantState) VALUES ('20180804 23:59:59', 1)
INSERT INTO dbo.PlantStateDuration (TimeStamp, OffDuration, OnRunningDuration, OnStoppedfDuration) VALUES ('20180804 23:59:59', '04:14:54', '01:59:19', '17:45:46')
INSERT INTO dbo.DailyProduction (TimeStamp, NumPieces, NumPiecesRejected) VALUES ('20180804 23:59:59', 328, 22.96)
INSERT INTO dbo.PlantStates (TimeStamp, PlantState) VALUES ('20180805 00:00:00', 2)
INSERT INTO dbo.PlantStates (TimeStamp, PlantState) VALUES ('20180805 08:01:33', 0)
INSERT INTO dbo.PlantStates (TimeStamp, PlantState) VALUES ('20180805 12:26:55', 2)
INSERT INTO dbo.PlantStates (TimeStamp, PlantState) VALUES ('20180805 17:15:42', 0)
INSERT INTO dbo.PlantStates (TimeStamp, PlantState) VALUES ('20180805 17:59:43', 2)
INSERT INTO dbo.PlantStates (TimeStamp, PlantState) VALUES ('20180805 23:59:59', 0)
INSERT INTO dbo.PlantStateDuration (TimeStamp, OffDuration, OnRunningDuration, OnStoppedfDuration) VALUES ('20180805 23:59:59', '18:50:36', '00:00:00', '05:09:23')
INSERT INTO dbo.DailyProduction (TimeStamp, NumPieces, NumPiecesRejected) VALUES ('20180805 23:59:59', 312, 112.32)
INSERT INTO dbo.PlantStates (TimeStamp, PlantState) VALUES ('20180806 00:00:00', 2)
INSERT INTO dbo.PlantStates (TimeStamp, PlantState) VALUES ('20180806 03:02:14', 1)
INSERT INTO dbo.PlantStates (TimeStamp, PlantState) VALUES ('20180806 03:20:00', 2)
INSERT INTO dbo.PlantStates (TimeStamp, PlantState) VALUES ('20180806 15:09:56', 0)
INSERT INTO dbo.PlantStates (TimeStamp, PlantState) VALUES ('20180806 15:28:11', 1)
INSERT INTO dbo.PlantStates (TimeStamp, PlantState) VALUES ('20180806 23:59:59', 2)
INSERT INTO dbo.PlantStateDuration (TimeStamp, OffDuration, OnRunningDuration, OnStoppedfDuration) VALUES ('20180806 23:59:59', '11:49:56', '03:20:29', '08:49:34')
INSERT INTO dbo.DailyProduction (TimeStamp, NumPieces, NumPiecesRejected) VALUES ('20180806 23:59:59', 527, 300.39)
INSERT INTO dbo.PlantStates (TimeStamp, PlantState) VALUES ('20180807 00:00:00', 0)
INSERT INTO dbo.PlantStates (TimeStamp, PlantState) VALUES ('20180807 12:38:02', 2)
INSERT INTO dbo.PlantStates (TimeStamp, PlantState) VALUES ('20180807 20:55:59', 0)
INSERT INTO dbo.PlantStates (TimeStamp, PlantState) VALUES ('20180807 21:37:31', 2)
INSERT INTO dbo.PlantStates (TimeStamp, PlantState) VALUES ('20180807 22:55:45', 1)
INSERT INTO dbo.PlantStates (TimeStamp, PlantState) VALUES ('20180807 23:59:59', 0)
INSERT INTO dbo.PlantStateDuration (TimeStamp, OffDuration, OnRunningDuration, OnStoppedfDuration) VALUES ('20180807 23:59:59', '09:22:11', '01:18:14', '13:19:34')
INSERT INTO dbo.DailyProduction (TimeStamp, NumPieces, NumPiecesRejected) VALUES ('20180807 23:59:59', 684, 177.84)
INSERT INTO dbo.PlantStates (TimeStamp, PlantState) VALUES ('20180808 00:00:00', 1)
INSERT INTO dbo.PlantStates (TimeStamp, PlantState) VALUES ('20180808 01:25:54', 0)
INSERT INTO dbo.PlantStates (TimeStamp, PlantState) VALUES ('20180808 12:52:57', 2)
INSERT INTO dbo.PlantStates (TimeStamp, PlantState) VALUES ('20180808 18:05:41', 1)
INSERT INTO dbo.PlantStates (TimeStamp, PlantState) VALUES ('20180808 18:19:12', 0)
INSERT INTO dbo.PlantStates (TimeStamp, PlantState) VALUES ('20180808 23:59:59', 2)
INSERT INTO dbo.PlantStateDuration (TimeStamp, OffDuration, OnRunningDuration, OnStoppedfDuration) VALUES ('20180808 23:59:59', '01:39:25', '05:12:44', '17:07:50')
INSERT INTO dbo.DailyProduction (TimeStamp, NumPieces, NumPiecesRejected) VALUES ('20180808 23:59:59', 422, 8.44)
INSERT INTO dbo.PlantStates (TimeStamp, PlantState) VALUES ('20180809 00:00:00', 1)
INSERT INTO dbo.PlantStates (TimeStamp, PlantState) VALUES ('20180809 02:26:19', 0)
INSERT INTO dbo.PlantStates (TimeStamp, PlantState) VALUES ('20180809 16:33:02', 2)
INSERT INTO dbo.PlantStates (TimeStamp, PlantState) VALUES ('20180809 20:17:32', 0)
INSERT INTO dbo.PlantStates (TimeStamp, PlantState) VALUES ('20180809 20:19:53', 1)
INSERT INTO dbo.PlantStates (TimeStamp, PlantState) VALUES ('20180809 23:59:59', 2)
INSERT INTO dbo.PlantStateDuration (TimeStamp, OffDuration, OnRunningDuration, OnStoppedfDuration) VALUES ('20180809 23:59:59', '06:10:49', '00:02:21', '17:46:49')
INSERT INTO dbo.DailyProduction (TimeStamp, NumPieces, NumPiecesRejected) VALUES ('20180809 23:59:59', 144, 122.4)
INSERT INTO dbo.PlantStates (TimeStamp, PlantState) VALUES ('20180810 00:00:00', 0)
INSERT INTO dbo.PlantStates (TimeStamp, PlantState) VALUES ('20180810 00:36:19', 2)
INSERT INTO dbo.PlantStates (TimeStamp, PlantState) VALUES ('20180810 11:11:50', 0)
INSERT INTO dbo.PlantStates (TimeStamp, PlantState) VALUES ('20180810 18:40:29', 2)
INSERT INTO dbo.PlantStates (TimeStamp, PlantState) VALUES ('20180810 20:58:00', 0)
INSERT INTO dbo.PlantStates (TimeStamp, PlantState) VALUES ('20180810 23:59:59', 1)
INSERT INTO dbo.PlantStateDuration (TimeStamp, OffDuration, OnRunningDuration, OnStoppedfDuration) VALUES ('20180810 23:59:59', '12:53:02', '03:01:59', '08:04:58')
INSERT INTO dbo.DailyProduction (TimeStamp, NumPieces, NumPiecesRejected) VALUES ('20180810 23:59:59', 827, 66.16)
INSERT INTO dbo.PlantStates (TimeStamp, PlantState) VALUES ('20180811 00:00:00', 2)
INSERT INTO dbo.PlantStates (TimeStamp, PlantState) VALUES ('20180811 06:27:51', 0)
INSERT INTO dbo.PlantStates (TimeStamp, PlantState) VALUES ('20180811 06:38:24', 2)
INSERT INTO dbo.PlantStates (TimeStamp, PlantState) VALUES ('20180811 11:14:56', 1)
INSERT INTO dbo.PlantStates (TimeStamp, PlantState) VALUES ('20180811 16:15:50', 2)
INSERT INTO dbo.PlantStates (TimeStamp, PlantState) VALUES ('20180811 23:59:59', 0)
INSERT INTO dbo.PlantStateDuration (TimeStamp, OffDuration, OnRunningDuration, OnStoppedfDuration) VALUES ('20180811 23:59:59', '14:12:00', '04:36:32', '05:11:27')
INSERT INTO dbo.DailyProduction (TimeStamp, NumPieces, NumPiecesRejected) VALUES ('20180811 23:59:59', 796, 310.44)
INSERT INTO dbo.PlantStates (TimeStamp, PlantState) VALUES ('20180812 00:00:00', 1)
INSERT INTO dbo.PlantStates (TimeStamp, PlantState) VALUES ('20180812 18:39:08', 0)
INSERT INTO dbo.PlantStates (TimeStamp, PlantState) VALUES ('20180812 20:42:45', 1)
INSERT INTO dbo.PlantStates (TimeStamp, PlantState) VALUES ('20180812 23:53:57', 2)
INSERT INTO dbo.PlantStates (TimeStamp, PlantState) VALUES ('20180812 23:55:31', 1)
INSERT INTO dbo.PlantStates (TimeStamp, PlantState) VALUES ('20180812 23:59:59', 0)
INSERT INTO dbo.PlantStateDuration (TimeStamp, OffDuration, OnRunningDuration, OnStoppedfDuration) VALUES ('20180812 23:59:59', '18:43:36', '02:05:11', '03:11:12')
INSERT INTO dbo.DailyProduction (TimeStamp, NumPieces, NumPiecesRejected) VALUES ('20180812 23:59:59', 127, 34.29)
INSERT INTO dbo.PlantStates (TimeStamp, PlantState) VALUES ('20180813 00:00:00', 2)
INSERT INTO dbo.PlantStates (TimeStamp, PlantState) VALUES ('20180813 00:17:59', 1)
INSERT INTO dbo.PlantStates (TimeStamp, PlantState) VALUES ('20180813 03:45:30', 0)
INSERT INTO dbo.PlantStates (TimeStamp, PlantState) VALUES ('20180813 09:19:13', 2)
INSERT INTO dbo.PlantStates (TimeStamp, PlantState) VALUES ('20180813 12:41:27', 0)
INSERT INTO dbo.PlantStates (TimeStamp, PlantState) VALUES ('20180813 23:59:59', 2)
INSERT INTO dbo.PlantStateDuration (TimeStamp, OffDuration, OnRunningDuration, OnStoppedfDuration) VALUES ('20180813 23:59:59', '06:49:45', '00:17:59', '16:52:15')
INSERT INTO dbo.DailyProduction (TimeStamp, NumPieces, NumPiecesRejected) VALUES ('20180813 23:59:59', 904, 298.32)
INSERT INTO dbo.PlantStates (TimeStamp, PlantState) VALUES ('20180814 00:00:00', 0)
INSERT INTO dbo.PlantStates (TimeStamp, PlantState) VALUES ('20180814 00:18:38', 2)
INSERT INTO dbo.PlantStates (TimeStamp, PlantState) VALUES ('20180814 01:14:35', 1)
INSERT INTO dbo.PlantStates (TimeStamp, PlantState) VALUES ('20180814 11:09:01', 2)
INSERT INTO dbo.PlantStates (TimeStamp, PlantState) VALUES ('20180814 11:50:10', 1)
INSERT INTO dbo.PlantStates (TimeStamp, PlantState) VALUES ('20180814 23:59:59', 0)
INSERT INTO dbo.PlantStateDuration (TimeStamp, OffDuration, OnRunningDuration, OnStoppedfDuration) VALUES ('20180814 23:59:59', '12:09:49', '01:37:06', '10:13:04')
INSERT INTO dbo.DailyProduction (TimeStamp, NumPieces, NumPiecesRejected) VALUES ('20180814 23:59:59', 955, 257.85)
INSERT INTO dbo.PlantStates (TimeStamp, PlantState) VALUES ('20180815 00:00:00', 1)
INSERT INTO dbo.PlantStates (TimeStamp, PlantState) VALUES ('20180815 10:06:30', 2)
INSERT INTO dbo.PlantStates (TimeStamp, PlantState) VALUES ('20180815 13:32:16', 1)
INSERT INTO dbo.PlantStates (TimeStamp, PlantState) VALUES ('20180815 22:05:14', 0)
INSERT INTO dbo.PlantStates (TimeStamp, PlantState) VALUES ('20180815 23:42:15', 2)
INSERT INTO dbo.PlantStates (TimeStamp, PlantState) VALUES ('20180815 23:59:59', 0)
INSERT INTO dbo.PlantStateDuration (TimeStamp, OffDuration, OnRunningDuration, OnStoppedfDuration) VALUES ('20180815 23:59:59', '08:50:42', '03:25:46', '11:43:31')
INSERT INTO dbo.DailyProduction (TimeStamp, NumPieces, NumPiecesRejected) VALUES ('20180815 23:59:59', 223, 142.72)
INSERT INTO dbo.PlantStates (TimeStamp, PlantState) VALUES ('20180816 00:00:00', 2)
INSERT INTO dbo.PlantStates (TimeStamp, PlantState) VALUES ('20180816 03:07:28', 1)
INSERT INTO dbo.PlantStates (TimeStamp, PlantState) VALUES ('20180816 09:33:03', 0)
INSERT INTO dbo.PlantStates (TimeStamp, PlantState) VALUES ('20180816 15:46:57', 1)
INSERT INTO dbo.PlantStates (TimeStamp, PlantState) VALUES ('20180816 17:46:16', 2)
INSERT INTO dbo.PlantStates (TimeStamp, PlantState) VALUES ('20180816 23:59:59', 0)
INSERT INTO dbo.PlantStateDuration (TimeStamp, OffDuration, OnRunningDuration, OnStoppedfDuration) VALUES ('20180816 23:59:59', '12:39:18', '09:21:22', '01:59:19')
INSERT INTO dbo.DailyProduction (TimeStamp, NumPieces, NumPiecesRejected) VALUES ('20180816 23:59:59', 740, 384.8)
INSERT INTO dbo.PlantStates (TimeStamp, PlantState) VALUES ('20180817 00:00:00', 1)
INSERT INTO dbo.PlantStates (TimeStamp, PlantState) VALUES ('20180817 09:49:06', 0)
INSERT INTO dbo.PlantStates (TimeStamp, PlantState) VALUES ('20180817 20:53:25', 1)
INSERT INTO dbo.PlantStates (TimeStamp, PlantState) VALUES ('20180817 21:54:19', 0)
INSERT INTO dbo.PlantStates (TimeStamp, PlantState) VALUES ('20180817 22:21:45', 1)
INSERT INTO dbo.PlantStates (TimeStamp, PlantState) VALUES ('20180817 23:59:59', 0)
INSERT INTO dbo.PlantStateDuration (TimeStamp, OffDuration, OnRunningDuration, OnStoppedfDuration) VALUES ('20180817 23:59:59', '12:28:14', '11:31:45', '00:00:00')
INSERT INTO dbo.DailyProduction (TimeStamp, NumPieces, NumPiecesRejected) VALUES ('20180817 23:59:59', 782, 304.98)
INSERT INTO dbo.PlantStates (TimeStamp, PlantState) VALUES ('20180818 00:00:00', 1)
INSERT INTO dbo.PlantStates (TimeStamp, PlantState) VALUES ('20180818 01:34:08', 0)
INSERT INTO dbo.PlantStates (TimeStamp, PlantState) VALUES ('20180818 10:15:20', 2)
INSERT INTO dbo.PlantStates (TimeStamp, PlantState) VALUES ('20180818 21:03:33', 1)
INSERT INTO dbo.PlantStates (TimeStamp, PlantState) VALUES ('20180818 23:36:48', 0)
INSERT INTO dbo.PlantStates (TimeStamp, PlantState) VALUES ('20180818 23:59:59', 2)
INSERT INTO dbo.PlantStateDuration (TimeStamp, OffDuration, OnRunningDuration, OnStoppedfDuration) VALUES ('20180818 23:59:59', '04:07:23', '10:48:13', '09:04:23')
INSERT INTO dbo.DailyProduction (TimeStamp, NumPieces, NumPiecesRejected) VALUES ('20180818 23:59:59', 286, 248.82)
INSERT INTO dbo.PlantStates (TimeStamp, PlantState) VALUES ('20180819 00:00:00', 1)
INSERT INTO dbo.PlantStates (TimeStamp, PlantState) VALUES ('20180819 14:31:31', 2)
INSERT INTO dbo.PlantStates (TimeStamp, PlantState) VALUES ('20180819 22:43:01', 1)
INSERT INTO dbo.PlantStates (TimeStamp, PlantState) VALUES ('20180819 22:57:19', 2)
INSERT INTO dbo.PlantStates (TimeStamp, PlantState) VALUES ('20180819 23:57:27', 0)
INSERT INTO dbo.PlantStates (TimeStamp, PlantState) VALUES ('20180819 23:59:59', 2)
INSERT INTO dbo.PlantStateDuration (TimeStamp, OffDuration, OnRunningDuration, OnStoppedfDuration) VALUES ('20180819 23:59:59', '01:00:08', '08:11:30', '14:48:21')
INSERT INTO dbo.DailyProduction (TimeStamp, NumPieces, NumPiecesRejected) VALUES ('20180819 23:59:59', 911, 637.7)
INSERT INTO dbo.PlantStates (TimeStamp, PlantState) VALUES ('20180820 00:00:00', 0)
INSERT INTO dbo.PlantStates (TimeStamp, PlantState) VALUES ('20180820 12:17:21', 2)
INSERT INTO dbo.PlantStates (TimeStamp, PlantState) VALUES ('20180820 21:07:59', 1)
INSERT INTO dbo.PlantStates (TimeStamp, PlantState) VALUES ('20180820 22:02:35', 0)
INSERT INTO dbo.PlantStates (TimeStamp, PlantState) VALUES ('20180820 23:04:52', 2)
INSERT INTO dbo.PlantStates (TimeStamp, PlantState) VALUES ('20180820 23:59:59', 0)
INSERT INTO dbo.PlantStateDuration (TimeStamp, OffDuration, OnRunningDuration, OnStoppedfDuration) VALUES ('20180820 23:59:59', '01:49:43', '08:50:38', '13:19:38')
INSERT INTO dbo.DailyProduction (TimeStamp, NumPieces, NumPiecesRejected) VALUES ('20180820 23:59:59', 324, 259.2)
INSERT INTO dbo.PlantStates (TimeStamp, PlantState) VALUES ('20180821 00:00:00', 2)
INSERT INTO dbo.PlantStates (TimeStamp, PlantState) VALUES ('20180821 06:10:14', 1)
INSERT INTO dbo.PlantStates (TimeStamp, PlantState) VALUES ('20180821 09:10:12', 2)
INSERT INTO dbo.PlantStates (TimeStamp, PlantState) VALUES ('20180821 17:31:55', 0)
INSERT INTO dbo.PlantStates (TimeStamp, PlantState) VALUES ('20180821 23:57:38', 2)
INSERT INTO dbo.PlantStates (TimeStamp, PlantState) VALUES ('20180821 23:59:59', 1)
INSERT INTO dbo.PlantStateDuration (TimeStamp, OffDuration, OnRunningDuration, OnStoppedfDuration) VALUES ('20180821 23:59:59', '08:21:43', '06:12:35', '09:25:41')
INSERT INTO dbo.DailyProduction (TimeStamp, NumPieces, NumPiecesRejected) VALUES ('20180821 23:59:59', 221, 198.9)
INSERT INTO dbo.PlantStates (TimeStamp, PlantState) VALUES ('20180822 00:00:00', 0)
INSERT INTO dbo.PlantStates (TimeStamp, PlantState) VALUES ('20180822 04:32:27', 2)
INSERT INTO dbo.PlantStates (TimeStamp, PlantState) VALUES ('20180822 17:44:07', 0)
INSERT INTO dbo.PlantStates (TimeStamp, PlantState) VALUES ('20180822 17:53:53', 2)
INSERT INTO dbo.PlantStates (TimeStamp, PlantState) VALUES ('20180822 19:29:20', 0)
INSERT INTO dbo.PlantStates (TimeStamp, PlantState) VALUES ('20180822 23:59:59', 1)
INSERT INTO dbo.PlantStateDuration (TimeStamp, OffDuration, OnRunningDuration, OnStoppedfDuration) VALUES ('20180822 23:59:59', '14:47:07', '04:30:39', '04:42:13')
INSERT INTO dbo.DailyProduction (TimeStamp, NumPieces, NumPiecesRejected) VALUES ('20180822 23:59:59', 995, 706.45)
INSERT INTO dbo.PlantStates (TimeStamp, PlantState) VALUES ('20180823 00:00:00', 2)
INSERT INTO dbo.PlantStates (TimeStamp, PlantState) VALUES ('20180823 06:21:26', 1)
INSERT INTO dbo.PlantStates (TimeStamp, PlantState) VALUES ('20180823 13:27:54', 2)
INSERT INTO dbo.PlantStates (TimeStamp, PlantState) VALUES ('20180823 14:19:24', 0)
INSERT INTO dbo.PlantStates (TimeStamp, PlantState) VALUES ('20180823 17:22:11', 2)
INSERT INTO dbo.PlantStates (TimeStamp, PlantState) VALUES ('20180823 23:59:59', 1)
INSERT INTO dbo.PlantStateDuration (TimeStamp, OffDuration, OnRunningDuration, OnStoppedfDuration) VALUES ('20180823 23:59:59', '00:51:30', '12:59:14', '10:09:15')
INSERT INTO dbo.DailyProduction (TimeStamp, NumPieces, NumPiecesRejected) VALUES ('20180823 23:59:59', 29, 24.07)
INSERT INTO dbo.PlantStates (TimeStamp, PlantState) VALUES ('20180824 00:00:00', 0)
INSERT INTO dbo.PlantStates (TimeStamp, PlantState) VALUES ('20180824 03:14:11', 1)
INSERT INTO dbo.PlantStates (TimeStamp, PlantState) VALUES ('20180824 06:27:35', 0)
INSERT INTO dbo.PlantStates (TimeStamp, PlantState) VALUES ('20180824 14:48:08', 2)
INSERT INTO dbo.PlantStates (TimeStamp, PlantState) VALUES ('20180824 18:50:21', 0)
INSERT INTO dbo.PlantStates (TimeStamp, PlantState) VALUES ('20180824 23:59:59', 2)
INSERT INTO dbo.PlantStateDuration (TimeStamp, OffDuration, OnRunningDuration, OnStoppedfDuration) VALUES ('20180824 23:59:59', '07:15:37', '03:14:11', '13:30:11')
INSERT INTO dbo.DailyProduction (TimeStamp, NumPieces, NumPiecesRejected) VALUES ('20180824 23:59:59', 543, 86.88)
INSERT INTO dbo.PlantStates (TimeStamp, PlantState) VALUES ('20180825 00:00:00', 1)
INSERT INTO dbo.PlantStates (TimeStamp, PlantState) VALUES ('20180825 09:39:11', 2)
INSERT INTO dbo.PlantStates (TimeStamp, PlantState) VALUES ('20180825 10:24:44', 1)
INSERT INTO dbo.PlantStates (TimeStamp, PlantState) VALUES ('20180825 16:27:41', 2)
INSERT INTO dbo.PlantStates (TimeStamp, PlantState) VALUES ('20180825 16:49:21', 1)
INSERT INTO dbo.PlantStates (TimeStamp, PlantState) VALUES ('20180825 23:59:59', 2)
INSERT INTO dbo.PlantStateDuration (TimeStamp, OffDuration, OnRunningDuration, OnStoppedfDuration) VALUES ('20180825 23:59:59', '00:00:00', '01:07:13', '22:52:46')
INSERT INTO dbo.DailyProduction (TimeStamp, NumPieces, NumPiecesRejected) VALUES ('20180825 23:59:59', 581, 360.22)
INSERT INTO dbo.PlantStates (TimeStamp, PlantState) VALUES ('20180826 00:00:00', 1)
INSERT INTO dbo.PlantStates (TimeStamp, PlantState) VALUES ('20180826 00:48:26', 2)
INSERT INTO dbo.PlantStates (TimeStamp, PlantState) VALUES ('20180826 01:21:03', 0)
INSERT INTO dbo.PlantStates (TimeStamp, PlantState) VALUES ('20180826 04:35:47', 2)
INSERT INTO dbo.PlantStates (TimeStamp, PlantState) VALUES ('20180826 07:21:59', 1)
INSERT INTO dbo.PlantStates (TimeStamp, PlantState) VALUES ('20180826 23:59:59', 0)
INSERT INTO dbo.PlantStateDuration (TimeStamp, OffDuration, OnRunningDuration, OnStoppedfDuration) VALUES ('20180826 23:59:59', '17:10:37', '02:46:12', '04:03:10')
INSERT INTO dbo.DailyProduction (TimeStamp, NumPieces, NumPiecesRejected) VALUES ('20180826 23:59:59', 946, 56.76)
INSERT INTO dbo.PlantStates (TimeStamp, PlantState) VALUES ('20180827 00:00:00', 1)
INSERT INTO dbo.PlantStates (TimeStamp, PlantState) VALUES ('20180827 07:23:36', 2)
INSERT INTO dbo.PlantStates (TimeStamp, PlantState) VALUES ('20180827 20:47:49', 0)
INSERT INTO dbo.PlantStates (TimeStamp, PlantState) VALUES ('20180827 22:16:31', 2)
INSERT INTO dbo.PlantStates (TimeStamp, PlantState) VALUES ('20180827 22:29:47', 0)
INSERT INTO dbo.PlantStates (TimeStamp, PlantState) VALUES ('20180827 23:59:59', 2)
INSERT INTO dbo.PlantStateDuration (TimeStamp, OffDuration, OnRunningDuration, OnStoppedfDuration) VALUES ('20180827 23:59:59', '13:37:29', '00:00:00', '10:22:30')
INSERT INTO dbo.DailyProduction (TimeStamp, NumPieces, NumPiecesRejected) VALUES ('20180827 23:59:59', 750, 262.5)
INSERT INTO dbo.PlantStates (TimeStamp, PlantState) VALUES ('20180828 00:00:00', 0)
INSERT INTO dbo.PlantStates (TimeStamp, PlantState) VALUES ('20180828 10:51:20', 2)
INSERT INTO dbo.PlantStates (TimeStamp, PlantState) VALUES ('20180828 17:50:50', 0)
INSERT INTO dbo.PlantStates (TimeStamp, PlantState) VALUES ('20180828 18:52:36', 1)
INSERT INTO dbo.PlantStates (TimeStamp, PlantState) VALUES ('20180828 21:19:03', 2)
INSERT INTO dbo.PlantStates (TimeStamp, PlantState) VALUES ('20180828 23:59:59', 1)
INSERT INTO dbo.PlantStateDuration (TimeStamp, OffDuration, OnRunningDuration, OnStoppedfDuration) VALUES ('20180828 23:59:59', '06:59:30', '03:42:42', '13:17:47')
INSERT INTO dbo.DailyProduction (TimeStamp, NumPieces, NumPiecesRejected) VALUES ('20180828 23:59:59', 113, 97.18)
INSERT INTO dbo.PlantStates (TimeStamp, PlantState) VALUES ('20180829 00:00:00', 2)
INSERT INTO dbo.PlantStates (TimeStamp, PlantState) VALUES ('20180829 03:01:42', 0)
INSERT INTO dbo.PlantStates (TimeStamp, PlantState) VALUES ('20180829 06:51:28', 2)
INSERT INTO dbo.PlantStates (TimeStamp, PlantState) VALUES ('20180829 23:08:43', 1)
INSERT INTO dbo.PlantStates (TimeStamp, PlantState) VALUES ('20180829 23:19:20', 0)
INSERT INTO dbo.PlantStates (TimeStamp, PlantState) VALUES ('20180829 23:59:59', 1)
INSERT INTO dbo.PlantStateDuration (TimeStamp, OffDuration, OnRunningDuration, OnStoppedfDuration) VALUES ('20180829 23:59:59', '03:12:19', '16:57:54', '03:49:46')
INSERT INTO dbo.DailyProduction (TimeStamp, NumPieces, NumPiecesRejected) VALUES ('20180829 23:59:59', 502, 235.94)
INSERT INTO dbo.PlantStates (TimeStamp, PlantState) VALUES ('20180830 00:00:00', 2)
INSERT INTO dbo.PlantStates (TimeStamp, PlantState) VALUES ('20180830 09:29:42', 0)
INSERT INTO dbo.PlantStates (TimeStamp, PlantState) VALUES ('20180830 09:48:38', 1)
INSERT INTO dbo.PlantStates (TimeStamp, PlantState) VALUES ('20180830 15:25:15', 0)
INSERT INTO dbo.PlantStates (TimeStamp, PlantState) VALUES ('20180830 22:33:15', 1)
INSERT INTO dbo.PlantStates (TimeStamp, PlantState) VALUES ('20180830 23:59:59', 0)
INSERT INTO dbo.PlantStateDuration (TimeStamp, OffDuration, OnRunningDuration, OnStoppedfDuration) VALUES ('20180830 23:59:59', '16:33:03', '07:26:56', '00:00:00')
INSERT INTO dbo.DailyProduction (TimeStamp, NumPieces, NumPiecesRejected) VALUES ('20180830 23:59:59', 144, 84.96)
INSERT INTO dbo.PlantStates (TimeStamp, PlantState) VALUES ('20180831 00:00:00', 1)
INSERT INTO dbo.PlantStates (TimeStamp, PlantState) VALUES ('20180831 01:49:19', 2)
INSERT INTO dbo.PlantStates (TimeStamp, PlantState) VALUES ('20180831 16:51:25', 0)
INSERT INTO dbo.PlantStates (TimeStamp, PlantState) VALUES ('20180831 21:01:23', 1)
INSERT INTO dbo.PlantStates (TimeStamp, PlantState) VALUES ('20180831 23:32:52', 2)
INSERT INTO dbo.PlantStates (TimeStamp, PlantState) VALUES ('20180831 23:59:59', 0)
INSERT INTO dbo.PlantStateDuration (TimeStamp, OffDuration, OnRunningDuration, OnStoppedfDuration) VALUES ('20180831 23:59:59', '15:29:13', '04:09:58', '04:20:48')
INSERT INTO dbo.DailyProduction (TimeStamp, NumPieces, NumPiecesRejected) VALUES ('20180831 23:59:59', 436, 165.68)
INSERT INTO dbo.PlantStates (TimeStamp, PlantState) VALUES ('20180901 00:00:00', 2)
INSERT INTO dbo.PlantStates (TimeStamp, PlantState) VALUES ('20180901 01:31:47', 1)
INSERT INTO dbo.PlantStates (TimeStamp, PlantState) VALUES ('20180901 04:05:37', 0)
INSERT INTO dbo.PlantStates (TimeStamp, PlantState) VALUES ('20180901 09:08:24', 1)
INSERT INTO dbo.PlantStates (TimeStamp, PlantState) VALUES ('20180901 14:57:52', 2)
INSERT INTO dbo.PlantStates (TimeStamp, PlantState) VALUES ('20180901 23:59:59', 0)
INSERT INTO dbo.PlantStateDuration (TimeStamp, OffDuration, OnRunningDuration, OnStoppedfDuration) VALUES ('20180901 23:59:59', '11:35:57', '06:34:34', '05:49:28')
INSERT INTO dbo.DailyProduction (TimeStamp, NumPieces, NumPiecesRejected) VALUES ('20180901 23:59:59', 784, 462.56)
INSERT INTO dbo.PlantStates (TimeStamp, PlantState) VALUES ('20180902 00:00:00', 2)
INSERT INTO dbo.PlantStates (TimeStamp, PlantState) VALUES ('20180902 11:59:19', 1)
INSERT INTO dbo.PlantStates (TimeStamp, PlantState) VALUES ('20180902 21:12:16', 2)
INSERT INTO dbo.PlantStates (TimeStamp, PlantState) VALUES ('20180902 21:25:31', 1)
INSERT INTO dbo.PlantStates (TimeStamp, PlantState) VALUES ('20180902 23:13:35', 0)
INSERT INTO dbo.PlantStates (TimeStamp, PlantState) VALUES ('20180902 23:59:59', 2)
INSERT INTO dbo.PlantStateDuration (TimeStamp, OffDuration, OnRunningDuration, OnStoppedfDuration) VALUES ('20180902 23:59:59', '01:48:04', '12:12:34', '09:59:21')
INSERT INTO dbo.DailyProduction (TimeStamp, NumPieces, NumPiecesRejected) VALUES ('20180902 23:59:59', 72, 69.12)
INSERT INTO dbo.PlantStates (TimeStamp, PlantState) VALUES ('20180903 00:00:00', 0)
INSERT INTO dbo.PlantStates (TimeStamp, PlantState) VALUES ('20180903 04:19:53', 2)
INSERT INTO dbo.PlantStates (TimeStamp, PlantState) VALUES ('20180903 14:24:20', 0)
INSERT INTO dbo.PlantStates (TimeStamp, PlantState) VALUES ('20180903 22:32:56', 1)
INSERT INTO dbo.PlantStates (TimeStamp, PlantState) VALUES ('20180903 22:36:57', 2)
INSERT INTO dbo.PlantStates (TimeStamp, PlantState) VALUES ('20180903 23:59:59', 0)
INSERT INTO dbo.PlantStateDuration (TimeStamp, OffDuration, OnRunningDuration, OnStoppedfDuration) VALUES ('20180903 23:59:59', '11:27:29', '08:08:36', '04:23:54')
INSERT INTO dbo.DailyProduction (TimeStamp, NumPieces, NumPiecesRejected) VALUES ('20180903 23:59:59', 400, 308)
INSERT INTO dbo.PlantStates (TimeStamp, PlantState) VALUES ('20180904 00:00:00', 1)
INSERT INTO dbo.PlantStates (TimeStamp, PlantState) VALUES ('20180904 00:58:14', 2)
INSERT INTO dbo.PlantStates (TimeStamp, PlantState) VALUES ('20180904 03:11:16', 0)
INSERT INTO dbo.PlantStates (TimeStamp, PlantState) VALUES ('20180904 06:15:46', 2)
INSERT INTO dbo.PlantStates (TimeStamp, PlantState) VALUES ('20180904 21:14:36', 0)
INSERT INTO dbo.PlantStates (TimeStamp, PlantState) VALUES ('20180904 23:59:59', 2)
INSERT INTO dbo.PlantStateDuration (TimeStamp, OffDuration, OnRunningDuration, OnStoppedfDuration) VALUES ('20180904 23:59:59', '17:11:52', '00:00:00', '06:48:07')
INSERT INTO dbo.DailyProduction (TimeStamp, NumPieces, NumPiecesRejected) VALUES ('20180904 23:59:59', 757, 113.55)
INSERT INTO dbo.PlantStates (TimeStamp, PlantState) VALUES ('20180905 00:00:00', 0)
INSERT INTO dbo.PlantStates (TimeStamp, PlantState) VALUES ('20180905 17:02:40', 2)
INSERT INTO dbo.PlantStates (TimeStamp, PlantState) VALUES ('20180905 22:24:49', 0)
INSERT INTO dbo.PlantStates (TimeStamp, PlantState) VALUES ('20180905 22:54:13', 1)
INSERT INTO dbo.PlantStates (TimeStamp, PlantState) VALUES ('20180905 23:21:38', 2)
INSERT INTO dbo.PlantStates (TimeStamp, PlantState) VALUES ('20180905 23:59:59', 1)
INSERT INTO dbo.PlantStateDuration (TimeStamp, OffDuration, OnRunningDuration, OnStoppedfDuration) VALUES ('20180905 23:59:59', '05:22:09', '01:07:45', '17:30:05')
INSERT INTO dbo.DailyProduction (TimeStamp, NumPieces, NumPiecesRejected) VALUES ('20180905 23:59:59', 436, 178.76)
INSERT INTO dbo.PlantStates (TimeStamp, PlantState) VALUES ('20180906 00:00:00', 2)
INSERT INTO dbo.PlantStates (TimeStamp, PlantState) VALUES ('20180906 10:20:37', 1)
INSERT INTO dbo.PlantStates (TimeStamp, PlantState) VALUES ('20180906 20:34:54', 0)
INSERT INTO dbo.PlantStates (TimeStamp, PlantState) VALUES ('20180906 23:00:50', 1)
INSERT INTO dbo.PlantStates (TimeStamp, PlantState) VALUES ('20180906 23:11:01', 0)
INSERT INTO dbo.PlantStates (TimeStamp, PlantState) VALUES ('20180906 23:59:59', 1)
INSERT INTO dbo.PlantStateDuration (TimeStamp, OffDuration, OnRunningDuration, OnStoppedfDuration) VALUES ('20180906 23:59:59', '10:24:28', '13:35:31', '00:00:00')
INSERT INTO dbo.DailyProduction (TimeStamp, NumPieces, NumPiecesRejected) VALUES ('20180906 23:59:59', 384, 241.92)
INSERT INTO dbo.PlantStates (TimeStamp, PlantState) VALUES ('20180907 00:00:00', 2)
INSERT INTO dbo.PlantStates (TimeStamp, PlantState) VALUES ('20180907 18:28:08', 1)
INSERT INTO dbo.PlantStates (TimeStamp, PlantState) VALUES ('20180907 18:37:31', 0)
INSERT INTO dbo.PlantStates (TimeStamp, PlantState) VALUES ('20180907 21:05:53', 1)
INSERT INTO dbo.PlantStates (TimeStamp, PlantState) VALUES ('20180907 23:22:43', 2)
INSERT INTO dbo.PlantStates (TimeStamp, PlantState) VALUES ('20180907 23:59:59', 0)
INSERT INTO dbo.PlantStateDuration (TimeStamp, OffDuration, OnRunningDuration, OnStoppedfDuration) VALUES ('20180907 23:59:59', '00:46:39', '20:56:30', '02:16:50')
INSERT INTO dbo.DailyProduction (TimeStamp, NumPieces, NumPiecesRejected) VALUES ('20180907 23:59:59', 718, 294.38)
INSERT INTO dbo.PlantStates (TimeStamp, PlantState) VALUES ('20180908 00:00:00', 2)
INSERT INTO dbo.PlantStates (TimeStamp, PlantState) VALUES ('20180908 09:00:10', 1)
INSERT INTO dbo.PlantStates (TimeStamp, PlantState) VALUES ('20180908 09:05:27', 0)
INSERT INTO dbo.PlantStates (TimeStamp, PlantState) VALUES ('20180908 20:21:18', 2)
INSERT INTO dbo.PlantStates (TimeStamp, PlantState) VALUES ('20180908 22:45:50', 1)
INSERT INTO dbo.PlantStates (TimeStamp, PlantState) VALUES ('20180908 23:59:59', 2)
INSERT INTO dbo.PlantStateDuration (TimeStamp, OffDuration, OnRunningDuration, OnStoppedfDuration) VALUES ('20180908 23:59:59', '00:05:17', '11:24:42', '12:30:00')
INSERT INTO dbo.DailyProduction (TimeStamp, NumPieces, NumPiecesRejected) VALUES ('20180908 23:59:59', 274, 131.52)
INSERT INTO dbo.PlantStates (TimeStamp, PlantState) VALUES ('20180909 00:00:00', 1)
INSERT INTO dbo.PlantStates (TimeStamp, PlantState) VALUES ('20180909 18:32:50', 0)
INSERT INTO dbo.PlantStates (TimeStamp, PlantState) VALUES ('20180909 21:57:02', 1)
INSERT INTO dbo.PlantStates (TimeStamp, PlantState) VALUES ('20180909 21:58:07', 2)
INSERT INTO dbo.PlantStates (TimeStamp, PlantState) VALUES ('20180909 22:06:29', 0)
INSERT INTO dbo.PlantStates (TimeStamp, PlantState) VALUES ('20180909 23:59:59', 1)
INSERT INTO dbo.PlantStateDuration (TimeStamp, OffDuration, OnRunningDuration, OnStoppedfDuration) VALUES ('20180909 23:59:59', '18:41:12', '05:17:42', '00:01:05')
INSERT INTO dbo.DailyProduction (TimeStamp, NumPieces, NumPiecesRejected) VALUES ('20180909 23:59:59', 315, 305.55)
INSERT INTO dbo.PlantStates (TimeStamp, PlantState) VALUES ('20180910 00:00:00', 2)
INSERT INTO dbo.PlantStates (TimeStamp, PlantState) VALUES ('20180910 00:07:26', 1)
INSERT INTO dbo.PlantStates (TimeStamp, PlantState) VALUES ('20180910 00:53:43', 2)
INSERT INTO dbo.PlantStates (TimeStamp, PlantState) VALUES ('20180910 13:32:15', 0)
INSERT INTO dbo.PlantStates (TimeStamp, PlantState) VALUES ('20180910 17:31:40', 2)
INSERT INTO dbo.PlantStates (TimeStamp, PlantState) VALUES ('20180910 23:59:59', 1)
INSERT INTO dbo.PlantStateDuration (TimeStamp, OffDuration, OnRunningDuration, OnStoppedfDuration) VALUES ('20180910 23:59:59', '12:38:32', '06:35:45', '04:45:42')
INSERT INTO dbo.DailyProduction (TimeStamp, NumPieces, NumPiecesRejected) VALUES ('20180910 23:59:59', 474, 336.54)
INSERT INTO dbo.PlantStates (TimeStamp, PlantState) VALUES ('20180911 00:00:00', 2)
INSERT INTO dbo.PlantStates (TimeStamp, PlantState) VALUES ('20180911 03:05:32', 1)
INSERT INTO dbo.PlantStates (TimeStamp, PlantState) VALUES ('20180911 08:20:06', 0)
INSERT INTO dbo.PlantStates (TimeStamp, PlantState) VALUES ('20180911 16:30:14', 2)
INSERT INTO dbo.PlantStates (TimeStamp, PlantState) VALUES ('20180911 22:52:11', 1)
INSERT INTO dbo.PlantStates (TimeStamp, PlantState) VALUES ('20180911 23:59:59', 2)
INSERT INTO dbo.PlantStateDuration (TimeStamp, OffDuration, OnRunningDuration, OnStoppedfDuration) VALUES ('20180911 23:59:59', '05:14:34', '09:27:29', '09:17:56')
INSERT INTO dbo.DailyProduction (TimeStamp, NumPieces, NumPiecesRejected) VALUES ('20180911 23:59:59', 767, 536.9)
INSERT INTO dbo.PlantStates (TimeStamp, PlantState) VALUES ('20180912 00:00:00', 1)
INSERT INTO dbo.PlantStates (TimeStamp, PlantState) VALUES ('20180912 01:21:48', 2)
INSERT INTO dbo.PlantStates (TimeStamp, PlantState) VALUES ('20180912 02:04:25', 0)
INSERT INTO dbo.PlantStates (TimeStamp, PlantState) VALUES ('20180912 06:22:12', 2)
INSERT INTO dbo.PlantStates (TimeStamp, PlantState) VALUES ('20180912 10:05:30', 1)
INSERT INTO dbo.PlantStates (TimeStamp, PlantState) VALUES ('20180912 23:59:59', 2)
INSERT INTO dbo.PlantStateDuration (TimeStamp, OffDuration, OnRunningDuration, OnStoppedfDuration) VALUES ('20180912 23:59:59', '00:42:37', '03:43:18', '19:34:04')
INSERT INTO dbo.DailyProduction (TimeStamp, NumPieces, NumPiecesRejected) VALUES ('20180912 23:59:59', 814, 700.04)
INSERT INTO dbo.PlantStates (TimeStamp, PlantState) VALUES ('20180913 00:00:00', 0)
INSERT INTO dbo.PlantStates (TimeStamp, PlantState) VALUES ('20180913 00:00:02', 2)
INSERT INTO dbo.PlantStates (TimeStamp, PlantState) VALUES ('20180913 00:00:46', 1)
INSERT INTO dbo.PlantStates (TimeStamp, PlantState) VALUES ('20180913 06:26:55', 2)
INSERT INTO dbo.PlantStates (TimeStamp, PlantState) VALUES ('20180913 11:09:24', 1)
INSERT INTO dbo.PlantStates (TimeStamp, PlantState) VALUES ('20180913 23:59:59', 2)
INSERT INTO dbo.PlantStateDuration (TimeStamp, OffDuration, OnRunningDuration, OnStoppedfDuration) VALUES ('20180913 23:59:59', '00:00:00', '04:43:13', '19:16:46')
INSERT INTO dbo.DailyProduction (TimeStamp, NumPieces, NumPiecesRejected) VALUES ('20180913 23:59:59', 726, 14.52)
INSERT INTO dbo.PlantStates (TimeStamp, PlantState) VALUES ('20180914 00:00:00', 1)
INSERT INTO dbo.PlantStates (TimeStamp, PlantState) VALUES ('20180914 03:52:35', 2)
INSERT INTO dbo.PlantStates (TimeStamp, PlantState) VALUES ('20180914 04:22:40', 1)
INSERT INTO dbo.PlantStates (TimeStamp, PlantState) VALUES ('20180914 23:37:46', 0)
INSERT INTO dbo.PlantStates (TimeStamp, PlantState) VALUES ('20180914 23:41:08', 1)
INSERT INTO dbo.PlantStates (TimeStamp, PlantState) VALUES ('20180914 23:59:59', 2)
INSERT INTO dbo.PlantStateDuration (TimeStamp, OffDuration, OnRunningDuration, OnStoppedfDuration) VALUES ('20180914 23:59:59', '19:15:06', '00:33:27', '04:11:26')
INSERT INTO dbo.DailyProduction (TimeStamp, NumPieces, NumPiecesRejected) VALUES ('20180914 23:59:59', 438, 135.78)
INSERT INTO dbo.PlantStates (TimeStamp, PlantState) VALUES ('20180915 00:00:00', 0)
INSERT INTO dbo.PlantStates (TimeStamp, PlantState) VALUES ('20180915 09:48:42', 2)
INSERT INTO dbo.PlantStates (TimeStamp, PlantState) VALUES ('20180915 15:35:16', 0)
INSERT INTO dbo.PlantStates (TimeStamp, PlantState) VALUES ('20180915 17:33:22', 2)
INSERT INTO dbo.PlantStates (TimeStamp, PlantState) VALUES ('20180915 18:20:05', 1)
INSERT INTO dbo.PlantStates (TimeStamp, PlantState) VALUES ('20180915 23:59:59', 2)
INSERT INTO dbo.PlantStateDuration (TimeStamp, OffDuration, OnRunningDuration, OnStoppedfDuration) VALUES ('20180915 23:59:59', '05:46:34', '00:46:43', '17:26:42')
INSERT INTO dbo.DailyProduction (TimeStamp, NumPieces, NumPiecesRejected) VALUES ('20180915 23:59:59', 568, 301.04)
INSERT INTO dbo.PlantStates (TimeStamp, PlantState) VALUES ('20180916 00:00:00', 0)
INSERT INTO dbo.PlantStates (TimeStamp, PlantState) VALUES ('20180916 18:21:55', 2)
INSERT INTO dbo.PlantStates (TimeStamp, PlantState) VALUES ('20180916 23:53:28', 0)
INSERT INTO dbo.PlantStates (TimeStamp, PlantState) VALUES ('20180916 23:55:39', 1)
INSERT INTO dbo.PlantStates (TimeStamp, PlantState) VALUES ('20180916 23:58:56', 0)
INSERT INTO dbo.PlantStates (TimeStamp, PlantState) VALUES ('20180916 23:59:59', 1)
INSERT INTO dbo.PlantStateDuration (TimeStamp, OffDuration, OnRunningDuration, OnStoppedfDuration) VALUES ('20180916 23:59:59', '05:34:50', '00:03:14', '18:21:55')
INSERT INTO dbo.DailyProduction (TimeStamp, NumPieces, NumPiecesRejected) VALUES ('20180916 23:59:59', 53, 27.03)
INSERT INTO dbo.PlantStates (TimeStamp, PlantState) VALUES ('20180917 00:00:00', 0)
INSERT INTO dbo.PlantStates (TimeStamp, PlantState) VALUES ('20180917 00:31:00', 2)
INSERT INTO dbo.PlantStates (TimeStamp, PlantState) VALUES ('20180917 04:47:35', 0)
INSERT INTO dbo.PlantStates (TimeStamp, PlantState) VALUES ('20180917 21:29:45', 2)
INSERT INTO dbo.PlantStates (TimeStamp, PlantState) VALUES ('20180917 23:53:12', 0)
INSERT INTO dbo.PlantStates (TimeStamp, PlantState) VALUES ('20180917 23:59:59', 1)
INSERT INTO dbo.PlantStateDuration (TimeStamp, OffDuration, OnRunningDuration, OnStoppedfDuration) VALUES ('20180917 23:59:59', '06:40:02', '00:06:47', '17:13:10')
INSERT INTO dbo.DailyProduction (TimeStamp, NumPieces, NumPiecesRejected) VALUES ('20180917 23:59:59', 856, 667.68)
INSERT INTO dbo.PlantStates (TimeStamp, PlantState) VALUES ('20180918 00:00:00', 0)
INSERT INTO dbo.PlantStates (TimeStamp, PlantState) VALUES ('20180918 01:12:55', 1)
INSERT INTO dbo.PlantStates (TimeStamp, PlantState) VALUES ('20180918 01:46:51', 0)
INSERT INTO dbo.PlantStates (TimeStamp, PlantState) VALUES ('20180918 19:45:35', 1)
INSERT INTO dbo.PlantStates (TimeStamp, PlantState) VALUES ('20180918 20:32:03', 2)
INSERT INTO dbo.PlantStates (TimeStamp, PlantState) VALUES ('20180918 23:59:59', 1)
INSERT INTO dbo.PlantStateDuration (TimeStamp, OffDuration, OnRunningDuration, OnStoppedfDuration) VALUES ('20180918 23:59:59', '00:33:56', '22:39:35', '00:46:28')
INSERT INTO dbo.DailyProduction (TimeStamp, NumPieces, NumPiecesRejected) VALUES ('20180918 23:59:59', 726, 646.14)
INSERT INTO dbo.PlantStates (TimeStamp, PlantState) VALUES ('20180919 00:00:00', 2)
INSERT INTO dbo.PlantStates (TimeStamp, PlantState) VALUES ('20180919 00:16:19', 0)
INSERT INTO dbo.PlantStates (TimeStamp, PlantState) VALUES ('20180919 09:41:34', 2)
INSERT INTO dbo.PlantStates (TimeStamp, PlantState) VALUES ('20180919 23:56:01', 0)
INSERT INTO dbo.PlantStates (TimeStamp, PlantState) VALUES ('20180919 23:59:24', 2)
INSERT INTO dbo.PlantStates (TimeStamp, PlantState) VALUES ('20180919 23:59:59', 0)
INSERT INTO dbo.PlantStateDuration (TimeStamp, OffDuration, OnRunningDuration, OnStoppedfDuration) VALUES ('20180919 23:59:59', '14:31:21', '00:00:00', '09:28:38')
INSERT INTO dbo.DailyProduction (TimeStamp, NumPieces, NumPiecesRejected) VALUES ('20180919 23:59:59', 573, 91.68)
INSERT INTO dbo.PlantStates (TimeStamp, PlantState) VALUES ('20180920 00:00:00', 2)
INSERT INTO dbo.PlantStates (TimeStamp, PlantState) VALUES ('20180920 00:39:40', 0)
INSERT INTO dbo.PlantStates (TimeStamp, PlantState) VALUES ('20180920 02:01:43', 2)
INSERT INTO dbo.PlantStates (TimeStamp, PlantState) VALUES ('20180920 09:37:42', 1)
INSERT INTO dbo.PlantStates (TimeStamp, PlantState) VALUES ('20180920 11:31:30', 0)
INSERT INTO dbo.PlantStates (TimeStamp, PlantState) VALUES ('20180920 23:59:59', 2)
INSERT INTO dbo.PlantStateDuration (TimeStamp, OffDuration, OnRunningDuration, OnStoppedfDuration) VALUES ('20180920 23:59:59', '02:33:28', '07:35:59', '13:50:32')
INSERT INTO dbo.DailyProduction (TimeStamp, NumPieces, NumPiecesRejected) VALUES ('20180920 23:59:59', 568, 431.68)
INSERT INTO dbo.PlantStates (TimeStamp, PlantState) VALUES ('20180921 00:00:00', 0)
INSERT INTO dbo.PlantStates (TimeStamp, PlantState) VALUES ('20180921 02:14:17', 1)
INSERT INTO dbo.PlantStates (TimeStamp, PlantState) VALUES ('20180921 08:49:01', 0)
INSERT INTO dbo.PlantStates (TimeStamp, PlantState) VALUES ('20180921 22:42:19', 1)
INSERT INTO dbo.PlantStates (TimeStamp, PlantState) VALUES ('20180921 23:22:30', 2)
INSERT INTO dbo.PlantStates (TimeStamp, PlantState) VALUES ('20180921 23:59:59', 1)
INSERT INTO dbo.PlantStateDuration (TimeStamp, OffDuration, OnRunningDuration, OnStoppedfDuration) VALUES ('20180921 23:59:59', '06:34:44', '16:45:04', '00:40:11')
INSERT INTO dbo.DailyProduction (TimeStamp, NumPieces, NumPiecesRejected) VALUES ('20180921 23:59:59', 777, 481.74)
INSERT INTO dbo.PlantStates (TimeStamp, PlantState) VALUES ('20180922 00:00:00', 0)
INSERT INTO dbo.PlantStates (TimeStamp, PlantState) VALUES ('20180922 07:13:08', 1)
INSERT INTO dbo.PlantStates (TimeStamp, PlantState) VALUES ('20180922 12:58:50', 2)
INSERT INTO dbo.PlantStates (TimeStamp, PlantState) VALUES ('20180922 18:31:50', 0)
INSERT INTO dbo.PlantStates (TimeStamp, PlantState) VALUES ('20180922 18:39:39', 2)
INSERT INTO dbo.PlantStates (TimeStamp, PlantState) VALUES ('20180922 23:59:59', 0)
INSERT INTO dbo.PlantStateDuration (TimeStamp, OffDuration, OnRunningDuration, OnStoppedfDuration) VALUES ('20180922 23:59:59', '10:53:20', '07:13:08', '05:53:31')
INSERT INTO dbo.DailyProduction (TimeStamp, NumPieces, NumPiecesRejected) VALUES ('20180922 23:59:59', 227, 47.67)
INSERT INTO dbo.PlantStates (TimeStamp, PlantState) VALUES ('20180923 00:00:00', 2)
INSERT INTO dbo.PlantStates (TimeStamp, PlantState) VALUES ('20180923 05:44:33', 0)
INSERT INTO dbo.PlantStates (TimeStamp, PlantState) VALUES ('20180923 07:09:38', 1)
INSERT INTO dbo.PlantStates (TimeStamp, PlantState) VALUES ('20180923 22:25:19', 2)
INSERT INTO dbo.PlantStates (TimeStamp, PlantState) VALUES ('20180923 22:56:07', 1)
INSERT INTO dbo.PlantStates (TimeStamp, PlantState) VALUES ('20180923 23:59:59', 2)
INSERT INTO dbo.PlantStateDuration (TimeStamp, OffDuration, OnRunningDuration, OnStoppedfDuration) VALUES ('20180923 23:59:59', '05:44:33', '01:55:53', '16:19:33')
INSERT INTO dbo.DailyProduction (TimeStamp, NumPieces, NumPiecesRejected) VALUES ('20180923 23:59:59', 385, 242.55)
INSERT INTO dbo.PlantStates (TimeStamp, PlantState) VALUES ('20180924 00:00:00', 1)
INSERT INTO dbo.PlantStates (TimeStamp, PlantState) VALUES ('20180924 00:05:11', 2)
INSERT INTO dbo.PlantStates (TimeStamp, PlantState) VALUES ('20180924 03:05:50', 1)
INSERT INTO dbo.PlantStates (TimeStamp, PlantState) VALUES ('20180924 14:41:50', 0)
INSERT INTO dbo.PlantStates (TimeStamp, PlantState) VALUES ('20180924 18:38:24', 1)
INSERT INTO dbo.PlantStates (TimeStamp, PlantState) VALUES ('20180924 23:59:59', 2)
INSERT INTO dbo.PlantStateDuration (TimeStamp, OffDuration, OnRunningDuration, OnStoppedfDuration) VALUES ('20180924 23:59:59', '11:36:00', '06:57:13', '05:26:46')
INSERT INTO dbo.DailyProduction (TimeStamp, NumPieces, NumPiecesRejected) VALUES ('20180924 23:59:59', 30, 10.5)
INSERT INTO dbo.PlantStates (TimeStamp, PlantState) VALUES ('20180925 00:00:00', 1)
INSERT INTO dbo.PlantStates (TimeStamp, PlantState) VALUES ('20180925 00:14:53', 0)
INSERT INTO dbo.PlantStates (TimeStamp, PlantState) VALUES ('20180925 05:10:28', 1)
INSERT INTO dbo.PlantStates (TimeStamp, PlantState) VALUES ('20180925 23:18:59', 2)
INSERT INTO dbo.PlantStates (TimeStamp, PlantState) VALUES ('20180925 23:59:14', 0)
INSERT INTO dbo.PlantStates (TimeStamp, PlantState) VALUES ('20180925 23:59:59', 1)
INSERT INTO dbo.PlantStateDuration (TimeStamp, OffDuration, OnRunningDuration, OnStoppedfDuration) VALUES ('20180925 23:59:59', '00:55:08', '04:56:20', '18:08:31')
INSERT INTO dbo.DailyProduction (TimeStamp, NumPieces, NumPiecesRejected) VALUES ('20180925 23:59:59', 625, 493.75)
INSERT INTO dbo.PlantStates (TimeStamp, PlantState) VALUES ('20180926 00:00:00', 0)
INSERT INTO dbo.PlantStates (TimeStamp, PlantState) VALUES ('20180926 07:14:19', 2)
INSERT INTO dbo.PlantStates (TimeStamp, PlantState) VALUES ('20180926 08:30:53', 1)
INSERT INTO dbo.PlantStates (TimeStamp, PlantState) VALUES ('20180926 11:21:02', 0)
INSERT INTO dbo.PlantStates (TimeStamp, PlantState) VALUES ('20180926 15:25:16', 2)
INSERT INTO dbo.PlantStates (TimeStamp, PlantState) VALUES ('20180926 23:59:59', 0)
INSERT INTO dbo.PlantStateDuration (TimeStamp, OffDuration, OnRunningDuration, OnStoppedfDuration) VALUES ('20180926 23:59:59', '11:24:52', '01:16:34', '11:18:33')
INSERT INTO dbo.DailyProduction (TimeStamp, NumPieces, NumPiecesRejected) VALUES ('20180926 23:59:59', 564, 259.44)
INSERT INTO dbo.PlantStates (TimeStamp, PlantState) VALUES ('20180927 00:00:00', 2)
INSERT INTO dbo.PlantStates (TimeStamp, PlantState) VALUES ('20180927 02:55:44', 1)
INSERT INTO dbo.PlantStates (TimeStamp, PlantState) VALUES ('20180927 23:37:06', 0)
INSERT INTO dbo.PlantStates (TimeStamp, PlantState) VALUES ('20180927 23:57:33', 2)
INSERT INTO dbo.PlantStates (TimeStamp, PlantState) VALUES ('20180927 23:58:48', 1)
INSERT INTO dbo.PlantStates (TimeStamp, PlantState) VALUES ('20180927 23:59:59', 2)
INSERT INTO dbo.PlantStateDuration (TimeStamp, OffDuration, OnRunningDuration, OnStoppedfDuration) VALUES ('20180927 23:59:59', '20:41:22', '02:56:59', '00:21:38')
INSERT INTO dbo.DailyProduction (TimeStamp, NumPieces, NumPiecesRejected) VALUES ('20180927 23:59:59', 854, 367.22)
INSERT INTO dbo.PlantStates (TimeStamp, PlantState) VALUES ('20180928 00:00:00', 1)
INSERT INTO dbo.PlantStates (TimeStamp, PlantState) VALUES ('20180928 09:34:29', 0)
INSERT INTO dbo.PlantStates (TimeStamp, PlantState) VALUES ('20180928 20:26:22', 2)
INSERT INTO dbo.PlantStates (TimeStamp, PlantState) VALUES ('20180928 22:07:15', 1)
INSERT INTO dbo.PlantStates (TimeStamp, PlantState) VALUES ('20180928 23:15:16', 2)
INSERT INTO dbo.PlantStates (TimeStamp, PlantState) VALUES ('20180928 23:59:59', 0)
INSERT INTO dbo.PlantStateDuration (TimeStamp, OffDuration, OnRunningDuration, OnStoppedfDuration) VALUES ('20180928 23:59:59', '10:19:12', '01:40:53', '11:59:54')
INSERT INTO dbo.DailyProduction (TimeStamp, NumPieces, NumPiecesRejected) VALUES ('20180928 23:59:59', 584, 163.52)
INSERT INTO dbo.PlantStates (TimeStamp, PlantState) VALUES ('20180929 00:00:00', 2)
INSERT INTO dbo.PlantStates (TimeStamp, PlantState) VALUES ('20180929 01:10:02', 1)
INSERT INTO dbo.PlantStates (TimeStamp, PlantState) VALUES ('20180929 06:53:18', 0)
INSERT INTO dbo.PlantStates (TimeStamp, PlantState) VALUES ('20180929 12:12:35', 1)
INSERT INTO dbo.PlantStates (TimeStamp, PlantState) VALUES ('20180929 21:13:07', 0)
INSERT INTO dbo.PlantStates (TimeStamp, PlantState) VALUES ('20180929 23:59:59', 1)
INSERT INTO dbo.PlantStateDuration (TimeStamp, OffDuration, OnRunningDuration, OnStoppedfDuration) VALUES ('20180929 23:59:59', '14:43:48', '09:16:11', '00:00:00')
INSERT INTO dbo.DailyProduction (TimeStamp, NumPieces, NumPiecesRejected) VALUES ('20180929 23:59:59', 537, 354.42)
INSERT INTO dbo.PlantStates (TimeStamp, PlantState) VALUES ('20180930 00:00:00', 2)
INSERT INTO dbo.PlantStates (TimeStamp, PlantState) VALUES ('20180930 00:08:43', 0)
INSERT INTO dbo.PlantStates (TimeStamp, PlantState) VALUES ('20180930 00:42:32', 2)
INSERT INTO dbo.PlantStates (TimeStamp, PlantState) VALUES ('20180930 05:00:39', 0)
INSERT INTO dbo.PlantStates (TimeStamp, PlantState) VALUES ('20180930 05:41:15', 2)
INSERT INTO dbo.PlantStates (TimeStamp, PlantState) VALUES ('20180930 23:59:59', 1)
INSERT INTO dbo.PlantStateDuration (TimeStamp, OffDuration, OnRunningDuration, OnStoppedfDuration) VALUES ('20180930 23:59:59', '04:26:50', '18:18:44', '01:14:25')
INSERT INTO dbo.DailyProduction (TimeStamp, NumPieces, NumPiecesRejected) VALUES ('20180930 23:59:59', 82, 27.88)
INSERT INTO dbo.PlantStates (TimeStamp, PlantState) VALUES ('20181001 00:00:00', 2)
INSERT INTO dbo.PlantStates (TimeStamp, PlantState) VALUES ('20181001 00:20:23', 0)
INSERT INTO dbo.PlantStates (TimeStamp, PlantState) VALUES ('20181001 11:07:24', 2)
INSERT INTO dbo.PlantStates (TimeStamp, PlantState) VALUES ('20181001 14:00:48', 0)
INSERT INTO dbo.PlantStates (TimeStamp, PlantState) VALUES ('20181001 17:02:43', 2)
INSERT INTO dbo.PlantStates (TimeStamp, PlantState) VALUES ('20181001 23:59:59', 0)
INSERT INTO dbo.PlantStateDuration (TimeStamp, OffDuration, OnRunningDuration, OnStoppedfDuration) VALUES ('20181001 23:59:59', '10:11:03', '00:00:00', '13:48:56')
INSERT INTO dbo.DailyProduction (TimeStamp, NumPieces, NumPiecesRejected) VALUES ('20181001 23:59:59', 378, 234.36)
INSERT INTO dbo.PlantStates (TimeStamp, PlantState) VALUES ('20181002 00:00:00', 2)
INSERT INTO dbo.PlantStates (TimeStamp, PlantState) VALUES ('20181002 02:37:07', 0)
INSERT INTO dbo.PlantStates (TimeStamp, PlantState) VALUES ('20181002 06:14:57', 2)
INSERT INTO dbo.PlantStates (TimeStamp, PlantState) VALUES ('20181002 10:57:32', 0)
INSERT INTO dbo.PlantStates (TimeStamp, PlantState) VALUES ('20181002 22:58:14', 1)
INSERT INTO dbo.PlantStates (TimeStamp, PlantState) VALUES ('20181002 23:59:59', 0)
INSERT INTO dbo.PlantStateDuration (TimeStamp, OffDuration, OnRunningDuration, OnStoppedfDuration) VALUES ('20181002 23:59:59', '08:21:27', '12:00:42', '03:37:50')
INSERT INTO dbo.DailyProduction (TimeStamp, NumPieces, NumPiecesRejected) VALUES ('20181002 23:59:59', 841, 807.36)
INSERT INTO dbo.PlantStates (TimeStamp, PlantState) VALUES ('20181003 00:00:00', 1)
INSERT INTO dbo.PlantStates (TimeStamp, PlantState) VALUES ('20181003 07:55:07', 0)
INSERT INTO dbo.PlantStates (TimeStamp, PlantState) VALUES ('20181003 12:14:33', 2)
INSERT INTO dbo.PlantStates (TimeStamp, PlantState) VALUES ('20181003 23:52:49', 1)
INSERT INTO dbo.PlantStates (TimeStamp, PlantState) VALUES ('20181003 23:55:34', 0)
INSERT INTO dbo.PlantStates (TimeStamp, PlantState) VALUES ('20181003 23:59:59', 2)
INSERT INTO dbo.PlantStateDuration (TimeStamp, OffDuration, OnRunningDuration, OnStoppedfDuration) VALUES ('20181003 23:59:59', '07:57:52', '11:38:16', '04:23:51')
INSERT INTO dbo.DailyProduction (TimeStamp, NumPieces, NumPiecesRejected) VALUES ('20181003 23:59:59', 688, 481.6)
INSERT INTO dbo.PlantStates (TimeStamp, PlantState) VALUES ('20181004 00:00:00', 1)
INSERT INTO dbo.PlantStates (TimeStamp, PlantState) VALUES ('20181004 11:17:19', 2)
INSERT INTO dbo.PlantStates (TimeStamp, PlantState) VALUES ('20181004 13:32:03', 1)
INSERT INTO dbo.PlantStates (TimeStamp, PlantState) VALUES ('20181004 23:00:34', 2)
INSERT INTO dbo.PlantStates (TimeStamp, PlantState) VALUES ('20181004 23:41:59', 1)
INSERT INTO dbo.PlantStates (TimeStamp, PlantState) VALUES ('20181004 23:59:59', 0)
INSERT INTO dbo.PlantStateDuration (TimeStamp, OffDuration, OnRunningDuration, OnStoppedfDuration) VALUES ('20181004 23:59:59', '00:18:00', '02:56:09', '20:45:50')
INSERT INTO dbo.DailyProduction (TimeStamp, NumPieces, NumPiecesRejected) VALUES ('20181004 23:59:59', 456, 373.92)
INSERT INTO dbo.PlantStates (TimeStamp, PlantState) VALUES ('20181005 00:00:00', 2)
INSERT INTO dbo.PlantStates (TimeStamp, PlantState) VALUES ('20181005 05:43:17', 0)
INSERT INTO dbo.PlantStates (TimeStamp, PlantState) VALUES ('20181005 06:32:51', 1)
INSERT INTO dbo.PlantStates (TimeStamp, PlantState) VALUES ('20181005 08:52:46', 2)
INSERT INTO dbo.PlantStates (TimeStamp, PlantState) VALUES ('20181005 12:21:20', 1)
INSERT INTO dbo.PlantStates (TimeStamp, PlantState) VALUES ('20181005 23:59:59', 0)
INSERT INTO dbo.PlantStateDuration (TimeStamp, OffDuration, OnRunningDuration, OnStoppedfDuration) VALUES ('20181005 23:59:59', '17:21:56', '04:18:08', '02:19:55')
INSERT INTO dbo.DailyProduction (TimeStamp, NumPieces, NumPiecesRejected) VALUES ('20181005 23:59:59', 225, 175.5)
INSERT INTO dbo.PlantStates (TimeStamp, PlantState) VALUES ('20181006 00:00:00', 1)
INSERT INTO dbo.PlantStates (TimeStamp, PlantState) VALUES ('20181006 12:58:33', 0)
INSERT INTO dbo.PlantStates (TimeStamp, PlantState) VALUES ('20181006 14:49:33', 2)
INSERT INTO dbo.PlantStates (TimeStamp, PlantState) VALUES ('20181006 20:29:24', 1)
INSERT INTO dbo.PlantStates (TimeStamp, PlantState) VALUES ('20181006 21:11:20', 0)
INSERT INTO dbo.PlantStates (TimeStamp, PlantState) VALUES ('20181006 23:59:59', 2)
INSERT INTO dbo.PlantStateDuration (TimeStamp, OffDuration, OnRunningDuration, OnStoppedfDuration) VALUES ('20181006 23:59:59', '13:40:29', '05:39:51', '04:39:39')
INSERT INTO dbo.DailyProduction (TimeStamp, NumPieces, NumPiecesRejected) VALUES ('20181006 23:59:59', 986, 39.44)
INSERT INTO dbo.PlantStates (TimeStamp, PlantState) VALUES ('20181007 00:00:00', 0)
INSERT INTO dbo.PlantStates (TimeStamp, PlantState) VALUES ('20181007 00:15:53', 2)
INSERT INTO dbo.PlantStates (TimeStamp, PlantState) VALUES ('20181007 01:18:31', 1)
INSERT INTO dbo.PlantStates (TimeStamp, PlantState) VALUES ('20181007 10:57:05', 0)
INSERT INTO dbo.PlantStates (TimeStamp, PlantState) VALUES ('20181007 14:41:54', 1)
INSERT INTO dbo.PlantStates (TimeStamp, PlantState) VALUES ('20181007 23:59:59', 0)
INSERT INTO dbo.PlantStateDuration (TimeStamp, OffDuration, OnRunningDuration, OnStoppedfDuration) VALUES ('20181007 23:59:59', '18:56:39', '04:47:27', '00:15:53')
INSERT INTO dbo.DailyProduction (TimeStamp, NumPieces, NumPiecesRejected) VALUES ('20181007 23:59:59', 329, 253.33)
INSERT INTO dbo.PlantStates (TimeStamp, PlantState) VALUES ('20181008 00:00:00', 1)
INSERT INTO dbo.PlantStates (TimeStamp, PlantState) VALUES ('20181008 03:28:08', 2)
INSERT INTO dbo.PlantStates (TimeStamp, PlantState) VALUES ('20181008 04:21:30', 1)
INSERT INTO dbo.PlantStates (TimeStamp, PlantState) VALUES ('20181008 04:32:57', 0)
INSERT INTO dbo.PlantStates (TimeStamp, PlantState) VALUES ('20181008 08:32:52', 2)
INSERT INTO dbo.PlantStates (TimeStamp, PlantState) VALUES ('20181008 23:59:59', 0)
INSERT INTO dbo.PlantStateDuration (TimeStamp, OffDuration, OnRunningDuration, OnStoppedfDuration) VALUES ('20181008 23:59:59', '15:38:34', '00:53:22', '07:28:03')
INSERT INTO dbo.DailyProduction (TimeStamp, NumPieces, NumPiecesRejected) VALUES ('20181008 23:59:59', 277, 166.2)
INSERT INTO dbo.PlantStates (TimeStamp, PlantState) VALUES ('20181009 00:00:00', 1)
INSERT INTO dbo.PlantStates (TimeStamp, PlantState) VALUES ('20181009 00:03:27', 2)
INSERT INTO dbo.PlantStates (TimeStamp, PlantState) VALUES ('20181009 12:54:48', 1)
INSERT INTO dbo.PlantStates (TimeStamp, PlantState) VALUES ('20181009 20:20:48', 2)
INSERT INTO dbo.PlantStates (TimeStamp, PlantState) VALUES ('20181009 23:35:04', 0)
INSERT INTO dbo.PlantStates (TimeStamp, PlantState) VALUES ('20181009 23:59:59', 2)
INSERT INTO dbo.PlantStateDuration (TimeStamp, OffDuration, OnRunningDuration, OnStoppedfDuration) VALUES ('20181009 23:59:59', '03:14:16', '12:51:21', '07:54:22')
INSERT INTO dbo.DailyProduction (TimeStamp, NumPieces, NumPiecesRejected) VALUES ('20181009 23:59:59', 938, 337.68)
INSERT INTO dbo.PlantStates (TimeStamp, PlantState) VALUES ('20181010 00:00:00', 0)
INSERT INTO dbo.PlantStates (TimeStamp, PlantState) VALUES ('20181010 02:52:26', 2)
INSERT INTO dbo.PlantStates (TimeStamp, PlantState) VALUES ('20181010 20:06:08', 0)
INSERT INTO dbo.PlantStates (TimeStamp, PlantState) VALUES ('20181010 23:05:16', 1)
INSERT INTO dbo.PlantStates (TimeStamp, PlantState) VALUES ('20181010 23:21:43', 0)
INSERT INTO dbo.PlantStates (TimeStamp, PlantState) VALUES ('20181010 23:59:59', 1)
INSERT INTO dbo.PlantStateDuration (TimeStamp, OffDuration, OnRunningDuration, OnStoppedfDuration) VALUES ('20181010 23:59:59', '17:30:09', '03:37:24', '02:52:26')
INSERT INTO dbo.DailyProduction (TimeStamp, NumPieces, NumPiecesRejected) VALUES ('20181010 23:59:59', 364, 222.04)
INSERT INTO dbo.PlantStates (TimeStamp, PlantState) VALUES ('20181011 00:00:00', 0)
INSERT INTO dbo.PlantStates (TimeStamp, PlantState) VALUES ('20181011 10:27:23', 1)
INSERT INTO dbo.PlantStates (TimeStamp, PlantState) VALUES ('20181011 19:04:26', 0)
INSERT INTO dbo.PlantStates (TimeStamp, PlantState) VALUES ('20181011 22:36:11', 1)
INSERT INTO dbo.PlantStates (TimeStamp, PlantState) VALUES ('20181011 22:51:32', 0)
INSERT INTO dbo.PlantStates (TimeStamp, PlantState) VALUES ('20181011 23:59:59', 2)
INSERT INTO dbo.PlantStateDuration (TimeStamp, OffDuration, OnRunningDuration, OnStoppedfDuration) VALUES ('20181011 23:59:59', '08:52:24', '13:59:08', '01:08:27')
INSERT INTO dbo.DailyProduction (TimeStamp, NumPieces, NumPiecesRejected) VALUES ('20181011 23:59:59', 427, 328.79)
INSERT INTO dbo.PlantStates (TimeStamp, PlantState) VALUES ('20181012 00:00:00', 0)
INSERT INTO dbo.PlantStates (TimeStamp, PlantState) VALUES ('20181012 06:56:52', 2)
INSERT INTO dbo.PlantStates (TimeStamp, PlantState) VALUES ('20181012 20:52:32', 0)
INSERT INTO dbo.PlantStates (TimeStamp, PlantState) VALUES ('20181012 22:48:15', 2)
INSERT INTO dbo.PlantStates (TimeStamp, PlantState) VALUES ('20181012 23:38:56', 1)
INSERT INTO dbo.PlantStates (TimeStamp, PlantState) VALUES ('20181012 23:59:59', 2)
INSERT INTO dbo.PlantStateDuration (TimeStamp, OffDuration, OnRunningDuration, OnStoppedfDuration) VALUES ('20181012 23:59:59', '13:55:40', '00:50:41', '09:13:38')
INSERT INTO dbo.DailyProduction (TimeStamp, NumPieces, NumPiecesRejected) VALUES ('20181012 23:59:59', 284, 201.64)
INSERT INTO dbo.PlantStates (TimeStamp, PlantState) VALUES ('20181013 00:00:00', 1)
INSERT INTO dbo.PlantStates (TimeStamp, PlantState) VALUES ('20181013 00:19:57', 2)
INSERT INTO dbo.PlantStates (TimeStamp, PlantState) VALUES ('20181013 04:59:11', 0)
INSERT INTO dbo.PlantStates (TimeStamp, PlantState) VALUES ('20181013 18:32:21', 2)
INSERT INTO dbo.PlantStates (TimeStamp, PlantState) VALUES ('20181013 18:49:57', 1)
INSERT INTO dbo.PlantStates (TimeStamp, PlantState) VALUES ('20181013 23:59:59', 0)
INSERT INTO dbo.PlantStateDuration (TimeStamp, OffDuration, OnRunningDuration, OnStoppedfDuration) VALUES ('20181013 23:59:59', '09:49:16', '00:17:36', '13:53:07')
INSERT INTO dbo.DailyProduction (TimeStamp, NumPieces, NumPiecesRejected) VALUES ('20181013 23:59:59', 459, 105.57)
INSERT INTO dbo.PlantStates (TimeStamp, PlantState) VALUES ('20181014 00:00:00', 1)
INSERT INTO dbo.PlantStates (TimeStamp, PlantState) VALUES ('20181014 08:47:23', 2)
INSERT INTO dbo.PlantStates (TimeStamp, PlantState) VALUES ('20181014 19:08:47', 1)
INSERT INTO dbo.PlantStates (TimeStamp, PlantState) VALUES ('20181014 19:48:11', 2)
INSERT INTO dbo.PlantStates (TimeStamp, PlantState) VALUES ('20181014 21:36:34', 1)
INSERT INTO dbo.PlantStates (TimeStamp, PlantState) VALUES ('20181014 23:59:59', 2)
INSERT INTO dbo.PlantStateDuration (TimeStamp, OffDuration, OnRunningDuration, OnStoppedfDuration) VALUES ('20181014 23:59:59', '00:00:00', '12:09:47', '11:50:12')
INSERT INTO dbo.DailyProduction (TimeStamp, NumPieces, NumPiecesRejected) VALUES ('20181014 23:59:59', 523, 245.81)
INSERT INTO dbo.PlantStates (TimeStamp, PlantState) VALUES ('20181015 00:00:00', 1)
INSERT INTO dbo.PlantStates (TimeStamp, PlantState) VALUES ('20181015 01:28:18', 2)
INSERT INTO dbo.PlantStates (TimeStamp, PlantState) VALUES ('20181015 06:40:19', 1)
INSERT INTO dbo.PlantStates (TimeStamp, PlantState) VALUES ('20181015 20:53:10', 0)
INSERT INTO dbo.PlantStates (TimeStamp, PlantState) VALUES ('20181015 21:16:56', 2)
INSERT INTO dbo.PlantStates (TimeStamp, PlantState) VALUES ('20181015 23:59:59', 1)
INSERT INTO dbo.PlantStateDuration (TimeStamp, OffDuration, OnRunningDuration, OnStoppedfDuration) VALUES ('20181015 23:59:59', '14:12:51', '07:55:04', '01:52:04')
INSERT INTO dbo.DailyProduction (TimeStamp, NumPieces, NumPiecesRejected) VALUES ('20181015 23:59:59', 263, 160.43)
INSERT INTO dbo.PlantStates (TimeStamp, PlantState) VALUES ('20181016 00:00:00', 0)
INSERT INTO dbo.PlantStates (TimeStamp, PlantState) VALUES ('20181016 10:38:46', 1)
INSERT INTO dbo.PlantStates (TimeStamp, PlantState) VALUES ('20181016 14:14:20', 2)
INSERT INTO dbo.PlantStates (TimeStamp, PlantState) VALUES ('20181016 14:18:42', 0)
INSERT INTO dbo.PlantStates (TimeStamp, PlantState) VALUES ('20181016 17:52:02', 2)
INSERT INTO dbo.PlantStates (TimeStamp, PlantState) VALUES ('20181016 23:59:59', 0)
INSERT INTO dbo.PlantStateDuration (TimeStamp, OffDuration, OnRunningDuration, OnStoppedfDuration) VALUES ('20181016 23:59:59', '06:12:19', '10:38:46', '07:08:54')
INSERT INTO dbo.DailyProduction (TimeStamp, NumPieces, NumPiecesRejected) VALUES ('20181016 23:59:59', 48, 43.2)
INSERT INTO dbo.PlantStates (TimeStamp, PlantState) VALUES ('20181017 00:00:00', 2)
INSERT INTO dbo.PlantStates (TimeStamp, PlantState) VALUES ('20181017 05:06:31', 0)
INSERT INTO dbo.PlantStates (TimeStamp, PlantState) VALUES ('20181017 18:25:51', 1)
INSERT INTO dbo.PlantStates (TimeStamp, PlantState) VALUES ('20181017 18:45:49', 2)
INSERT INTO dbo.PlantStates (TimeStamp, PlantState) VALUES ('20181017 20:33:42', 1)
INSERT INTO dbo.PlantStates (TimeStamp, PlantState) VALUES ('20181017 23:59:59', 2)
INSERT INTO dbo.PlantStateDuration (TimeStamp, OffDuration, OnRunningDuration, OnStoppedfDuration) VALUES ('20181017 23:59:59', '05:06:31', '15:07:13', '03:46:15')
INSERT INTO dbo.DailyProduction (TimeStamp, NumPieces, NumPiecesRejected) VALUES ('20181017 23:59:59', 473, 9.46)
INSERT INTO dbo.PlantStates (TimeStamp, PlantState) VALUES ('20181018 00:00:00', 1)
INSERT INTO dbo.PlantStates (TimeStamp, PlantState) VALUES ('20181018 18:17:05', 2)
INSERT INTO dbo.PlantStates (TimeStamp, PlantState) VALUES ('20181018 20:32:16', 0)
INSERT INTO dbo.PlantStates (TimeStamp, PlantState) VALUES ('20181018 21:01:22', 2)
INSERT INTO dbo.PlantStates (TimeStamp, PlantState) VALUES ('20181018 22:57:36', 0)
INSERT INTO dbo.PlantStates (TimeStamp, PlantState) VALUES ('20181018 23:59:59', 1)
INSERT INTO dbo.PlantStateDuration (TimeStamp, OffDuration, OnRunningDuration, OnStoppedfDuration) VALUES ('20181018 23:59:59', '04:11:25', '01:02:23', '18:46:11')
INSERT INTO dbo.DailyProduction (TimeStamp, NumPieces, NumPiecesRejected) VALUES ('20181018 23:59:59', 435, 304.5)
INSERT INTO dbo.PlantStates (TimeStamp, PlantState) VALUES ('20181019 00:00:00', 2)
INSERT INTO dbo.PlantStates (TimeStamp, PlantState) VALUES ('20181019 05:50:51', 0)
INSERT INTO dbo.PlantStates (TimeStamp, PlantState) VALUES ('20181019 09:34:31', 1)
INSERT INTO dbo.PlantStates (TimeStamp, PlantState) VALUES ('20181019 11:14:37', 2)
INSERT INTO dbo.PlantStates (TimeStamp, PlantState) VALUES ('20181019 17:27:02', 0)
INSERT INTO dbo.PlantStates (TimeStamp, PlantState) VALUES ('20181019 23:59:59', 1)
INSERT INTO dbo.PlantStateDuration (TimeStamp, OffDuration, OnRunningDuration, OnStoppedfDuration) VALUES ('20181019 23:59:59', '12:03:16', '10:16:37', '01:40:06')
INSERT INTO dbo.DailyProduction (TimeStamp, NumPieces, NumPiecesRejected) VALUES ('20181019 23:59:59', 37, 10.36)
INSERT INTO dbo.PlantStates (TimeStamp, PlantState) VALUES ('20181020 00:00:00', 0)
INSERT INTO dbo.PlantStates (TimeStamp, PlantState) VALUES ('20181020 02:09:34', 2)
INSERT INTO dbo.PlantStates (TimeStamp, PlantState) VALUES ('20181020 11:42:08', 1)
INSERT INTO dbo.PlantStates (TimeStamp, PlantState) VALUES ('20181020 14:19:50', 2)
INSERT INTO dbo.PlantStates (TimeStamp, PlantState) VALUES ('20181020 20:21:20', 1)
INSERT INTO dbo.PlantStates (TimeStamp, PlantState) VALUES ('20181020 23:59:59', 0)
INSERT INTO dbo.PlantStateDuration (TimeStamp, OffDuration, OnRunningDuration, OnStoppedfDuration) VALUES ('20181020 23:59:59', '03:38:39', '15:34:04', '04:47:16')
INSERT INTO dbo.DailyProduction (TimeStamp, NumPieces, NumPiecesRejected) VALUES ('20181020 23:59:59', 83, 9.13)
INSERT INTO dbo.PlantStates (TimeStamp, PlantState) VALUES ('20181021 00:00:00', 2)
INSERT INTO dbo.PlantStates (TimeStamp, PlantState) VALUES ('20181021 10:10:28', 0)
INSERT INTO dbo.PlantStates (TimeStamp, PlantState) VALUES ('20181021 17:42:25', 1)
INSERT INTO dbo.PlantStates (TimeStamp, PlantState) VALUES ('20181021 23:13:40', 0)
INSERT INTO dbo.PlantStates (TimeStamp, PlantState) VALUES ('20181021 23:21:54', 2)
INSERT INTO dbo.PlantStates (TimeStamp, PlantState) VALUES ('20181021 23:59:59', 0)
INSERT INTO dbo.PlantStateDuration (TimeStamp, OffDuration, OnRunningDuration, OnStoppedfDuration) VALUES ('20181021 23:59:59', '16:19:48', '07:31:57', '00:08:14')
INSERT INTO dbo.DailyProduction (TimeStamp, NumPieces, NumPiecesRejected) VALUES ('20181021 23:59:59', 397, 131.01)
INSERT INTO dbo.PlantStates (TimeStamp, PlantState) VALUES ('20181022 00:00:00', 2)
INSERT INTO dbo.PlantStates (TimeStamp, PlantState) VALUES ('20181022 05:01:07', 1)
INSERT INTO dbo.PlantStates (TimeStamp, PlantState) VALUES ('20181022 09:31:00', 0)
INSERT INTO dbo.PlantStates (TimeStamp, PlantState) VALUES ('20181022 09:54:26', 1)
INSERT INTO dbo.PlantStates (TimeStamp, PlantState) VALUES ('20181022 12:23:43', 0)
INSERT INTO dbo.PlantStates (TimeStamp, PlantState) VALUES ('20181022 23:59:59', 1)
INSERT INTO dbo.PlantStateDuration (TimeStamp, OffDuration, OnRunningDuration, OnStoppedfDuration) VALUES ('20181022 23:59:59', '06:59:10', '17:00:49', '00:00:00')
INSERT INTO dbo.DailyProduction (TimeStamp, NumPieces, NumPiecesRejected) VALUES ('20181022 23:59:59', 471, 381.51)
INSERT INTO dbo.PlantStates (TimeStamp, PlantState) VALUES ('20181023 00:00:00', 2)
INSERT INTO dbo.PlantStates (TimeStamp, PlantState) VALUES ('20181023 00:04:45', 1)
INSERT INTO dbo.PlantStates (TimeStamp, PlantState) VALUES ('20181023 01:10:20', 0)
INSERT INTO dbo.PlantStates (TimeStamp, PlantState) VALUES ('20181023 11:52:43', 1)
INSERT INTO dbo.PlantStates (TimeStamp, PlantState) VALUES ('20181023 18:02:25', 0)
INSERT INTO dbo.PlantStates (TimeStamp, PlantState) VALUES ('20181023 23:59:59', 1)
INSERT INTO dbo.PlantStateDuration (TimeStamp, OffDuration, OnRunningDuration, OnStoppedfDuration) VALUES ('20181023 23:59:59', '07:15:17', '16:44:42', '00:00:00')
INSERT INTO dbo.DailyProduction (TimeStamp, NumPieces, NumPiecesRejected) VALUES ('20181023 23:59:59', 253, 10.12)
INSERT INTO dbo.PlantStates (TimeStamp, PlantState) VALUES ('20181024 00:00:00', 0)
INSERT INTO dbo.PlantStates (TimeStamp, PlantState) VALUES ('20181024 11:36:24', 2)
INSERT INTO dbo.PlantStates (TimeStamp, PlantState) VALUES ('20181024 14:16:31', 1)
INSERT INTO dbo.PlantStates (TimeStamp, PlantState) VALUES ('20181024 18:04:25', 2)
INSERT INTO dbo.PlantStates (TimeStamp, PlantState) VALUES ('20181024 22:57:05', 1)
INSERT INTO dbo.PlantStates (TimeStamp, PlantState) VALUES ('20181024 23:59:59', 2)
INSERT INTO dbo.PlantStateDuration (TimeStamp, OffDuration, OnRunningDuration, OnStoppedfDuration) VALUES ('20181024 23:59:59', '00:00:00', '07:32:47', '16:27:12')
INSERT INTO dbo.DailyProduction (TimeStamp, NumPieces, NumPiecesRejected) VALUES ('20181024 23:59:59', 269, 201.75)
INSERT INTO dbo.PlantStates (TimeStamp, PlantState) VALUES ('20181025 00:00:00', 1)
INSERT INTO dbo.PlantStates (TimeStamp, PlantState) VALUES ('20181025 06:17:29', 0)
INSERT INTO dbo.PlantStates (TimeStamp, PlantState) VALUES ('20181025 12:54:47', 2)
INSERT INTO dbo.PlantStates (TimeStamp, PlantState) VALUES ('20181025 22:09:23', 0)
INSERT INTO dbo.PlantStates (TimeStamp, PlantState) VALUES ('20181025 23:07:10', 1)
INSERT INTO dbo.PlantStates (TimeStamp, PlantState) VALUES ('20181025 23:59:59', 2)
INSERT INTO dbo.PlantStateDuration (TimeStamp, OffDuration, OnRunningDuration, OnStoppedfDuration) VALUES ('20181025 23:59:59', '15:32:05', '00:57:47', '07:30:07')
INSERT INTO dbo.DailyProduction (TimeStamp, NumPieces, NumPiecesRejected) VALUES ('20181025 23:59:59', 746, 298.4)
INSERT INTO dbo.PlantStates (TimeStamp, PlantState) VALUES ('20181026 00:00:00', 1)
INSERT INTO dbo.PlantStates (TimeStamp, PlantState) VALUES ('20181026 17:46:51', 0)
INSERT INTO dbo.PlantStates (TimeStamp, PlantState) VALUES ('20181026 17:59:25', 1)
INSERT INTO dbo.PlantStates (TimeStamp, PlantState) VALUES ('20181026 19:13:09', 2)
INSERT INTO dbo.PlantStates (TimeStamp, PlantState) VALUES ('20181026 20:50:29', 0)
INSERT INTO dbo.PlantStates (TimeStamp, PlantState) VALUES ('20181026 23:59:59', 1)
INSERT INTO dbo.PlantStateDuration (TimeStamp, OffDuration, OnRunningDuration, OnStoppedfDuration) VALUES ('20181026 23:59:59', '19:24:11', '03:22:04', '01:13:44')
INSERT INTO dbo.DailyProduction (TimeStamp, NumPieces, NumPiecesRejected) VALUES ('20181026 23:59:59', 71, 41.89)
INSERT INTO dbo.PlantStates (TimeStamp, PlantState) VALUES ('20181027 00:00:00', 2)
INSERT INTO dbo.PlantStates (TimeStamp, PlantState) VALUES ('20181027 00:31:04', 1)
INSERT INTO dbo.PlantStates (TimeStamp, PlantState) VALUES ('20181027 01:05:49', 2)
INSERT INTO dbo.PlantStates (TimeStamp, PlantState) VALUES ('20181027 14:12:36', 1)
INSERT INTO dbo.PlantStates (TimeStamp, PlantState) VALUES ('20181027 14:41:02', 2)
INSERT INTO dbo.PlantStates (TimeStamp, PlantState) VALUES ('20181027 23:59:59', 0)
INSERT INTO dbo.PlantStateDuration (TimeStamp, OffDuration, OnRunningDuration, OnStoppedfDuration) VALUES ('20181027 23:59:59', '09:18:57', '13:37:51', '01:03:11')
INSERT INTO dbo.DailyProduction (TimeStamp, NumPieces, NumPiecesRejected) VALUES ('20181027 23:59:59', 120, 33.6)
INSERT INTO dbo.PlantStates (TimeStamp, PlantState) VALUES ('20181028 00:00:00', 2)
INSERT INTO dbo.PlantStates (TimeStamp, PlantState) VALUES ('20181028 01:47:06', 0)
INSERT INTO dbo.PlantStates (TimeStamp, PlantState) VALUES ('20181028 06:22:13', 2)
INSERT INTO dbo.PlantStates (TimeStamp, PlantState) VALUES ('20181028 20:38:43', 0)
INSERT INTO dbo.PlantStates (TimeStamp, PlantState) VALUES ('20181028 23:41:46', 2)
INSERT INTO dbo.PlantStates (TimeStamp, PlantState) VALUES ('20181028 23:59:59', 1)
INSERT INTO dbo.PlantStateDuration (TimeStamp, OffDuration, OnRunningDuration, OnStoppedfDuration) VALUES ('20181028 23:59:59', '16:03:36', '00:18:13', '07:38:10')
INSERT INTO dbo.DailyProduction (TimeStamp, NumPieces, NumPiecesRejected) VALUES ('20181028 23:59:59', 788, 717.08)
INSERT INTO dbo.PlantStates (TimeStamp, PlantState) VALUES ('20181029 00:00:00', 0)
INSERT INTO dbo.PlantStates (TimeStamp, PlantState) VALUES ('20181029 04:00:36', 1)
INSERT INTO dbo.PlantStates (TimeStamp, PlantState) VALUES ('20181029 13:54:13', 0)
INSERT INTO dbo.PlantStates (TimeStamp, PlantState) VALUES ('20181029 17:32:27', 1)
INSERT INTO dbo.PlantStates (TimeStamp, PlantState) VALUES ('20181029 23:07:59', 0)
INSERT INTO dbo.PlantStates (TimeStamp, PlantState) VALUES ('20181029 23:59:59', 1)
INSERT INTO dbo.PlantStateDuration (TimeStamp, OffDuration, OnRunningDuration, OnStoppedfDuration) VALUES ('20181029 23:59:59', '15:29:09', '08:30:50', '00:00:00')
INSERT INTO dbo.DailyProduction (TimeStamp, NumPieces, NumPiecesRejected) VALUES ('20181029 23:59:59', 448, 94.08)
INSERT INTO dbo.PlantStates (TimeStamp, PlantState) VALUES ('20181030 00:00:00', 0)
INSERT INTO dbo.PlantStates (TimeStamp, PlantState) VALUES ('20181030 20:10:19', 2)
INSERT INTO dbo.PlantStates (TimeStamp, PlantState) VALUES ('20181030 23:37:37', 0)
INSERT INTO dbo.PlantStates (TimeStamp, PlantState) VALUES ('20181030 23:55:25', 2)
INSERT INTO dbo.PlantStates (TimeStamp, PlantState) VALUES ('20181030 23:59:13', 1)
INSERT INTO dbo.PlantStates (TimeStamp, PlantState) VALUES ('20181030 23:59:59', 0)
INSERT INTO dbo.PlantStateDuration (TimeStamp, OffDuration, OnRunningDuration, OnStoppedfDuration) VALUES ('20181030 23:59:59', '03:28:04', '00:03:48', '20:28:07')
INSERT INTO dbo.DailyProduction (TimeStamp, NumPieces, NumPiecesRejected) VALUES ('20181030 23:59:59', 56, 35.28)
INSERT INTO dbo.PlantStates (TimeStamp, PlantState) VALUES ('20181031 00:00:00', 1)
INSERT INTO dbo.PlantStates (TimeStamp, PlantState) VALUES ('20181031 09:14:39', 2)
INSERT INTO dbo.PlantStates (TimeStamp, PlantState) VALUES ('20181031 20:24:49', 0)
INSERT INTO dbo.PlantStates (TimeStamp, PlantState) VALUES ('20181031 21:18:51', 1)
INSERT INTO dbo.PlantStates (TimeStamp, PlantState) VALUES ('20181031 23:48:00', 0)
INSERT INTO dbo.PlantStates (TimeStamp, PlantState) VALUES ('20181031 23:59:59', 2)
INSERT INTO dbo.PlantStateDuration (TimeStamp, OffDuration, OnRunningDuration, OnStoppedfDuration) VALUES ('20181031 23:59:59', '13:39:19', '00:54:02', '09:26:38')
INSERT INTO dbo.DailyProduction (TimeStamp, NumPieces, NumPiecesRejected) VALUES ('20181031 23:59:59', 410, 319.8)
INSERT INTO dbo.PlantStates (TimeStamp, PlantState) VALUES ('20181101 00:00:00', 0)
INSERT INTO dbo.PlantStates (TimeStamp, PlantState) VALUES ('20181101 04:36:22', 1)
INSERT INTO dbo.PlantStates (TimeStamp, PlantState) VALUES ('20181101 06:07:57', 0)
INSERT INTO dbo.PlantStates (TimeStamp, PlantState) VALUES ('20181101 18:43:07', 2)
INSERT INTO dbo.PlantStates (TimeStamp, PlantState) VALUES ('20181101 22:10:01', 1)
INSERT INTO dbo.PlantStates (TimeStamp, PlantState) VALUES ('20181101 23:59:59', 0)
INSERT INTO dbo.PlantStateDuration (TimeStamp, OffDuration, OnRunningDuration, OnStoppedfDuration) VALUES ('20181101 23:59:59', '03:21:33', '08:03:16', '12:35:10')
INSERT INTO dbo.DailyProduction (TimeStamp, NumPieces, NumPiecesRejected) VALUES ('20181101 23:59:59', 566, 158.48)
INSERT INTO dbo.PlantStates (TimeStamp, PlantState) VALUES ('20181102 00:00:00', 1)
INSERT INTO dbo.PlantStates (TimeStamp, PlantState) VALUES ('20181102 10:14:12', 2)
INSERT INTO dbo.PlantStates (TimeStamp, PlantState) VALUES ('20181102 16:32:05', 0)
INSERT INTO dbo.PlantStates (TimeStamp, PlantState) VALUES ('20181102 23:29:48', 2)
INSERT INTO dbo.PlantStates (TimeStamp, PlantState) VALUES ('20181102 23:31:27', 0)
INSERT INTO dbo.PlantStates (TimeStamp, PlantState) VALUES ('20181102 23:59:59', 1)
INSERT INTO dbo.PlantStateDuration (TimeStamp, OffDuration, OnRunningDuration, OnStoppedfDuration) VALUES ('20181102 23:59:59', '06:19:32', '00:28:32', '17:11:55')
INSERT INTO dbo.DailyProduction (TimeStamp, NumPieces, NumPiecesRejected) VALUES ('20181102 23:59:59', 422, 286.96)
INSERT INTO dbo.PlantStates (TimeStamp, PlantState) VALUES ('20181103 00:00:00', 2)
INSERT INTO dbo.PlantStates (TimeStamp, PlantState) VALUES ('20181103 02:53:19', 0)
INSERT INTO dbo.PlantStates (TimeStamp, PlantState) VALUES ('20181103 08:20:05', 2)
INSERT INTO dbo.PlantStates (TimeStamp, PlantState) VALUES ('20181103 23:53:21', 0)
INSERT INTO dbo.PlantStates (TimeStamp, PlantState) VALUES ('20181103 23:54:39', 2)
INSERT INTO dbo.PlantStates (TimeStamp, PlantState) VALUES ('20181103 23:59:59', 0)
INSERT INTO dbo.PlantStateDuration (TimeStamp, OffDuration, OnRunningDuration, OnStoppedfDuration) VALUES ('20181103 23:59:59', '18:31:55', '00:00:00', '05:28:04')
INSERT INTO dbo.DailyProduction (TimeStamp, NumPieces, NumPiecesRejected) VALUES ('20181103 23:59:59', 75, 26.25)
INSERT INTO dbo.PlantStates (TimeStamp, PlantState) VALUES ('20181104 00:00:00', 1)
INSERT INTO dbo.PlantStates (TimeStamp, PlantState) VALUES ('20181104 01:20:22', 0)
INSERT INTO dbo.PlantStates (TimeStamp, PlantState) VALUES ('20181104 12:43:58', 1)
INSERT INTO dbo.PlantStates (TimeStamp, PlantState) VALUES ('20181104 18:09:26', 0)
INSERT INTO dbo.PlantStates (TimeStamp, PlantState) VALUES ('20181104 21:28:25', 2)
INSERT INTO dbo.PlantStates (TimeStamp, PlantState) VALUES ('20181104 23:59:59', 0)
INSERT INTO dbo.PlantStateDuration (TimeStamp, OffDuration, OnRunningDuration, OnStoppedfDuration) VALUES ('20181104 23:59:59', '09:17:24', '11:23:36', '03:18:59')
INSERT INTO dbo.DailyProduction (TimeStamp, NumPieces, NumPiecesRejected) VALUES ('20181104 23:59:59', 6, 0.48)
INSERT INTO dbo.PlantStates (TimeStamp, PlantState) VALUES ('20181105 00:00:00', 1)
INSERT INTO dbo.PlantStates (TimeStamp, PlantState) VALUES ('20181105 02:13:52', 0)
INSERT INTO dbo.PlantStates (TimeStamp, PlantState) VALUES ('20181105 22:27:37', 2)
INSERT INTO dbo.PlantStates (TimeStamp, PlantState) VALUES ('20181105 23:37:20', 0)
INSERT INTO dbo.PlantStates (TimeStamp, PlantState) VALUES ('20181105 23:42:21', 1)
INSERT INTO dbo.PlantStates (TimeStamp, PlantState) VALUES ('20181105 23:59:59', 2)
INSERT INTO dbo.PlantStateDuration (TimeStamp, OffDuration, OnRunningDuration, OnStoppedfDuration) VALUES ('20181105 23:59:59', '03:23:35', '00:05:01', '20:31:23')
INSERT INTO dbo.DailyProduction (TimeStamp, NumPieces, NumPiecesRejected) VALUES ('20181105 23:59:59', 313, 118.94)
INSERT INTO dbo.PlantStates (TimeStamp, PlantState) VALUES ('20181106 00:00:00', 1)
INSERT INTO dbo.PlantStates (TimeStamp, PlantState) VALUES ('20181106 00:35:47', 0)
INSERT INTO dbo.PlantStates (TimeStamp, PlantState) VALUES ('20181106 04:40:32', 2)
INSERT INTO dbo.PlantStates (TimeStamp, PlantState) VALUES ('20181106 20:40:16', 1)
INSERT INTO dbo.PlantStates (TimeStamp, PlantState) VALUES ('20181106 22:44:13', 0)
INSERT INTO dbo.PlantStates (TimeStamp, PlantState) VALUES ('20181106 23:59:59', 1)
INSERT INTO dbo.PlantStateDuration (TimeStamp, OffDuration, OnRunningDuration, OnStoppedfDuration) VALUES ('20181106 23:59:59', '02:39:44', '17:15:30', '04:04:45')
INSERT INTO dbo.DailyProduction (TimeStamp, NumPieces, NumPiecesRejected) VALUES ('20181106 23:59:59', 20, 1.2)
INSERT INTO dbo.PlantStates (TimeStamp, PlantState) VALUES ('20181107 00:00:00', 0)
INSERT INTO dbo.PlantStates (TimeStamp, PlantState) VALUES ('20181107 03:03:03', 1)
INSERT INTO dbo.PlantStates (TimeStamp, PlantState) VALUES ('20181107 03:20:15', 0)
INSERT INTO dbo.PlantStates (TimeStamp, PlantState) VALUES ('20181107 09:09:32', 1)
INSERT INTO dbo.PlantStates (TimeStamp, PlantState) VALUES ('20181107 22:14:56', 2)
INSERT INTO dbo.PlantStates (TimeStamp, PlantState) VALUES ('20181107 23:59:59', 1)
INSERT INTO dbo.PlantStateDuration (TimeStamp, OffDuration, OnRunningDuration, OnStoppedfDuration) VALUES ('20181107 23:59:59', '00:17:12', '10:37:23', '13:05:24')
INSERT INTO dbo.DailyProduction (TimeStamp, NumPieces, NumPiecesRejected) VALUES ('20181107 23:59:59', 874, 594.32)
INSERT INTO dbo.PlantStates (TimeStamp, PlantState) VALUES ('20181108 00:00:00', 0)
INSERT INTO dbo.PlantStates (TimeStamp, PlantState) VALUES ('20181108 01:45:21', 2)
INSERT INTO dbo.PlantStates (TimeStamp, PlantState) VALUES ('20181108 02:21:18', 0)
INSERT INTO dbo.PlantStates (TimeStamp, PlantState) VALUES ('20181108 06:24:51', 2)
INSERT INTO dbo.PlantStates (TimeStamp, PlantState) VALUES ('20181108 14:12:49', 1)
INSERT INTO dbo.PlantStates (TimeStamp, PlantState) VALUES ('20181108 23:59:59', 2)
INSERT INTO dbo.PlantStateDuration (TimeStamp, OffDuration, OnRunningDuration, OnStoppedfDuration) VALUES ('20181108 23:59:59', '00:35:57', '07:47:58', '15:36:04')
INSERT INTO dbo.DailyProduction (TimeStamp, NumPieces, NumPiecesRejected) VALUES ('20181108 23:59:59', 944, 509.76)
INSERT INTO dbo.PlantStates (TimeStamp, PlantState) VALUES ('20181109 00:00:00', 0)
INSERT INTO dbo.PlantStates (TimeStamp, PlantState) VALUES ('20181109 00:26:44', 1)
INSERT INTO dbo.PlantStates (TimeStamp, PlantState) VALUES ('20181109 16:55:21', 0)
INSERT INTO dbo.PlantStates (TimeStamp, PlantState) VALUES ('20181109 20:27:16', 1)
INSERT INTO dbo.PlantStates (TimeStamp, PlantState) VALUES ('20181109 20:38:00', 0)
INSERT INTO dbo.PlantStates (TimeStamp, PlantState) VALUES ('20181109 23:59:59', 2)
INSERT INTO dbo.PlantStateDuration (TimeStamp, OffDuration, OnRunningDuration, OnStoppedfDuration) VALUES ('20181109 23:59:59', '16:39:21', '03:58:39', '03:21:59')
INSERT INTO dbo.DailyProduction (TimeStamp, NumPieces, NumPiecesRejected) VALUES ('20181109 23:59:59', 306, 275.4)
INSERT INTO dbo.PlantStates (TimeStamp, PlantState) VALUES ('20181110 00:00:00', 1)
INSERT INTO dbo.PlantStates (TimeStamp, PlantState) VALUES ('20181110 07:46:55', 2)
INSERT INTO dbo.PlantStates (TimeStamp, PlantState) VALUES ('20181110 17:59:19', 0)
INSERT INTO dbo.PlantStates (TimeStamp, PlantState) VALUES ('20181110 19:39:38', 1)
INSERT INTO dbo.PlantStates (TimeStamp, PlantState) VALUES ('20181110 21:32:10', 0)
INSERT INTO dbo.PlantStates (TimeStamp, PlantState) VALUES ('20181110 23:59:59', 1)
INSERT INTO dbo.PlantStateDuration (TimeStamp, OffDuration, OnRunningDuration, OnStoppedfDuration) VALUES ('20181110 23:59:59', '12:04:56', '04:08:08', '07:46:55')
INSERT INTO dbo.DailyProduction (TimeStamp, NumPieces, NumPiecesRejected) VALUES ('20181110 23:59:59', 400, 296)
INSERT INTO dbo.PlantStates (TimeStamp, PlantState) VALUES ('20181111 00:00:00', 0)
INSERT INTO dbo.PlantStates (TimeStamp, PlantState) VALUES ('20181111 08:57:44', 2)
INSERT INTO dbo.PlantStates (TimeStamp, PlantState) VALUES ('20181111 22:18:20', 1)
INSERT INTO dbo.PlantStates (TimeStamp, PlantState) VALUES ('20181111 22:30:21', 0)
INSERT INTO dbo.PlantStates (TimeStamp, PlantState) VALUES ('20181111 23:58:34', 1)
INSERT INTO dbo.PlantStates (TimeStamp, PlantState) VALUES ('20181111 23:59:59', 0)
INSERT INTO dbo.PlantStateDuration (TimeStamp, OffDuration, OnRunningDuration, OnStoppedfDuration) VALUES ('20181111 23:59:59', '00:13:26', '14:48:49', '08:57:44')
INSERT INTO dbo.DailyProduction (TimeStamp, NumPieces, NumPiecesRejected) VALUES ('20181111 23:59:59', 177, 109.74)
INSERT INTO dbo.PlantStates (TimeStamp, PlantState) VALUES ('20181112 00:00:00', 1)
INSERT INTO dbo.PlantStates (TimeStamp, PlantState) VALUES ('20181112 05:12:37', 2)
INSERT INTO dbo.PlantStates (TimeStamp, PlantState) VALUES ('20181112 10:19:03', 1)
INSERT INTO dbo.PlantStates (TimeStamp, PlantState) VALUES ('20181112 11:47:32', 0)
INSERT INTO dbo.PlantStates (TimeStamp, PlantState) VALUES ('20181112 21:13:24', 1)
INSERT INTO dbo.PlantStates (TimeStamp, PlantState) VALUES ('20181112 23:59:59', 2)
INSERT INTO dbo.PlantStateDuration (TimeStamp, OffDuration, OnRunningDuration, OnStoppedfDuration) VALUES ('20181112 23:59:59', '01:28:29', '14:32:18', '07:59:12')
INSERT INTO dbo.DailyProduction (TimeStamp, NumPieces, NumPiecesRejected) VALUES ('20181112 23:59:59', 495, 202.95)
INSERT INTO dbo.PlantStates (TimeStamp, PlantState) VALUES ('20181113 00:00:00', 0)
INSERT INTO dbo.PlantStates (TimeStamp, PlantState) VALUES ('20181113 00:19:45', 2)
INSERT INTO dbo.PlantStates (TimeStamp, PlantState) VALUES ('20181113 22:55:15', 0)
INSERT INTO dbo.PlantStates (TimeStamp, PlantState) VALUES ('20181113 23:27:18', 2)
INSERT INTO dbo.PlantStates (TimeStamp, PlantState) VALUES ('20181113 23:47:44', 1)
INSERT INTO dbo.PlantStates (TimeStamp, PlantState) VALUES ('20181113 23:59:59', 0)
INSERT INTO dbo.PlantStateDuration (TimeStamp, OffDuration, OnRunningDuration, OnStoppedfDuration) VALUES ('20181113 23:59:59', '22:47:45', '00:20:26', '00:51:48')
INSERT INTO dbo.DailyProduction (TimeStamp, NumPieces, NumPiecesRejected) VALUES ('20181113 23:59:59', 293, 251.98)
INSERT INTO dbo.PlantStates (TimeStamp, PlantState) VALUES ('20181114 00:00:00', 1)
INSERT INTO dbo.PlantStates (TimeStamp, PlantState) VALUES ('20181114 00:55:07', 0)
INSERT INTO dbo.PlantStates (TimeStamp, PlantState) VALUES ('20181114 02:56:43', 2)
INSERT INTO dbo.PlantStates (TimeStamp, PlantState) VALUES ('20181114 05:54:43', 1)
INSERT INTO dbo.PlantStates (TimeStamp, PlantState) VALUES ('20181114 16:52:36', 2)
INSERT INTO dbo.PlantStates (TimeStamp, PlantState) VALUES ('20181114 23:59:59', 0)
INSERT INTO dbo.PlantStateDuration (TimeStamp, OffDuration, OnRunningDuration, OnStoppedfDuration) VALUES ('20181114 23:59:59', '08:02:30', '02:58:00', '12:59:29')
INSERT INTO dbo.DailyProduction (TimeStamp, NumPieces, NumPiecesRejected) VALUES ('20181114 23:59:59', 870, 582.9)
INSERT INTO dbo.PlantStates (TimeStamp, PlantState) VALUES ('20181115 00:00:00', 1)
INSERT INTO dbo.PlantStates (TimeStamp, PlantState) VALUES ('20181115 10:42:45', 2)
INSERT INTO dbo.PlantStates (TimeStamp, PlantState) VALUES ('20181115 19:17:34', 0)
INSERT INTO dbo.PlantStates (TimeStamp, PlantState) VALUES ('20181115 20:04:51', 1)
INSERT INTO dbo.PlantStates (TimeStamp, PlantState) VALUES ('20181115 21:34:33', 2)
INSERT INTO dbo.PlantStates (TimeStamp, PlantState) VALUES ('20181115 23:59:59', 0)
INSERT INTO dbo.PlantStateDuration (TimeStamp, OffDuration, OnRunningDuration, OnStoppedfDuration) VALUES ('20181115 23:59:59', '11:00:15', '00:47:17', '12:12:27')
INSERT INTO dbo.DailyProduction (TimeStamp, NumPieces, NumPiecesRejected) VALUES ('20181115 23:59:59', 401, 316.79)
INSERT INTO dbo.PlantStates (TimeStamp, PlantState) VALUES ('20181116 00:00:00', 2)
INSERT INTO dbo.PlantStates (TimeStamp, PlantState) VALUES ('20181116 08:26:20', 1)
INSERT INTO dbo.PlantStates (TimeStamp, PlantState) VALUES ('20181116 23:18:05', 0)
INSERT INTO dbo.PlantStates (TimeStamp, PlantState) VALUES ('20181116 23:36:44', 1)
INSERT INTO dbo.PlantStates (TimeStamp, PlantState) VALUES ('20181116 23:58:54', 0)
INSERT INTO dbo.PlantStates (TimeStamp, PlantState) VALUES ('20181116 23:59:59', 2)
INSERT INTO dbo.PlantStateDuration (TimeStamp, OffDuration, OnRunningDuration, OnStoppedfDuration) VALUES ('20181116 23:59:59', '15:13:55', '08:44:59', '00:01:05')
INSERT INTO dbo.DailyProduction (TimeStamp, NumPieces, NumPiecesRejected) VALUES ('20181116 23:59:59', 175, 56)
INSERT INTO dbo.PlantStates (TimeStamp, PlantState) VALUES ('20181117 00:00:00', 0)
INSERT INTO dbo.PlantStates (TimeStamp, PlantState) VALUES ('20181117 01:13:34', 1)
INSERT INTO dbo.PlantStates (TimeStamp, PlantState) VALUES ('20181117 06:20:55', 2)
INSERT INTO dbo.PlantStates (TimeStamp, PlantState) VALUES ('20181117 19:12:51', 1)
INSERT INTO dbo.PlantStates (TimeStamp, PlantState) VALUES ('20181117 21:19:33', 2)
INSERT INTO dbo.PlantStates (TimeStamp, PlantState) VALUES ('20181117 23:59:59', 1)
INSERT INTO dbo.PlantStateDuration (TimeStamp, OffDuration, OnRunningDuration, OnStoppedfDuration) VALUES ('20181117 23:59:59', '00:00:00', '16:45:56', '07:14:03')
INSERT INTO dbo.DailyProduction (TimeStamp, NumPieces, NumPiecesRejected) VALUES ('20181117 23:59:59', 910, 254.8)
INSERT INTO dbo.PlantStates (TimeStamp, PlantState) VALUES ('20181118 00:00:00', 2)
INSERT INTO dbo.PlantStates (TimeStamp, PlantState) VALUES ('20181118 01:08:59', 0)
INSERT INTO dbo.PlantStates (TimeStamp, PlantState) VALUES ('20181118 02:58:47', 2)
INSERT INTO dbo.PlantStates (TimeStamp, PlantState) VALUES ('20181118 03:49:16', 1)
INSERT INTO dbo.PlantStates (TimeStamp, PlantState) VALUES ('20181118 05:55:02', 2)
INSERT INTO dbo.PlantStates (TimeStamp, PlantState) VALUES ('20181118 23:59:59', 0)
INSERT INTO dbo.PlantStateDuration (TimeStamp, OffDuration, OnRunningDuration, OnStoppedfDuration) VALUES ('20181118 23:59:59', '19:13:56', '00:50:29', '03:55:34')
INSERT INTO dbo.DailyProduction (TimeStamp, NumPieces, NumPiecesRejected) VALUES ('20181118 23:59:59', 247, 200.07)
INSERT INTO dbo.PlantStates (TimeStamp, PlantState) VALUES ('20181119 00:00:00', 2)
INSERT INTO dbo.PlantStates (TimeStamp, PlantState) VALUES ('20181119 00:04:41', 0)
INSERT INTO dbo.PlantStates (TimeStamp, PlantState) VALUES ('20181119 05:12:17', 1)
INSERT INTO dbo.PlantStates (TimeStamp, PlantState) VALUES ('20181119 13:34:58', 0)
INSERT INTO dbo.PlantStates (TimeStamp, PlantState) VALUES ('20181119 20:20:41', 1)
INSERT INTO dbo.PlantStates (TimeStamp, PlantState) VALUES ('20181119 23:59:59', 0)
INSERT INTO dbo.PlantStateDuration (TimeStamp, OffDuration, OnRunningDuration, OnStoppedfDuration) VALUES ('20181119 23:59:59', '12:06:40', '11:53:19', '00:00:00')
INSERT INTO dbo.DailyProduction (TimeStamp, NumPieces, NumPiecesRejected) VALUES ('20181119 23:59:59', 131, 31.44)
INSERT INTO dbo.PlantStates (TimeStamp, PlantState) VALUES ('20181120 00:00:00', 2)
INSERT INTO dbo.PlantStates (TimeStamp, PlantState) VALUES ('20181120 00:04:18', 0)
INSERT INTO dbo.PlantStates (TimeStamp, PlantState) VALUES ('20181120 00:07:24', 2)
INSERT INTO dbo.PlantStates (TimeStamp, PlantState) VALUES ('20181120 01:43:34', 0)
INSERT INTO dbo.PlantStates (TimeStamp, PlantState) VALUES ('20181120 06:15:30', 2)
INSERT INTO dbo.PlantStates (TimeStamp, PlantState) VALUES ('20181120 23:59:59', 1)
INSERT INTO dbo.PlantStateDuration (TimeStamp, OffDuration, OnRunningDuration, OnStoppedfDuration) VALUES ('20181120 23:59:59', '01:40:28', '17:44:29', '04:35:02')
INSERT INTO dbo.DailyProduction (TimeStamp, NumPieces, NumPiecesRejected) VALUES ('20181120 23:59:59', 378, 185.22)
INSERT INTO dbo.PlantStates (TimeStamp, PlantState) VALUES ('20181121 00:00:00', 0)
INSERT INTO dbo.PlantStates (TimeStamp, PlantState) VALUES ('20181121 01:30:59', 1)
INSERT INTO dbo.PlantStates (TimeStamp, PlantState) VALUES ('20181121 14:26:30', 0)
INSERT INTO dbo.PlantStates (TimeStamp, PlantState) VALUES ('20181121 16:57:13', 1)
INSERT INTO dbo.PlantStates (TimeStamp, PlantState) VALUES ('20181121 19:33:38', 2)
INSERT INTO dbo.PlantStates (TimeStamp, PlantState) VALUES ('20181121 23:59:59', 0)
INSERT INTO dbo.PlantStateDuration (TimeStamp, OffDuration, OnRunningDuration, OnStoppedfDuration) VALUES ('20181121 23:59:59', '17:21:52', '04:01:42', '02:36:25')
INSERT INTO dbo.DailyProduction (TimeStamp, NumPieces, NumPiecesRejected) VALUES ('20181121 23:59:59', 173, 131.48)
INSERT INTO dbo.PlantStates (TimeStamp, PlantState) VALUES ('20181122 00:00:00', 2)
INSERT INTO dbo.PlantStates (TimeStamp, PlantState) VALUES ('20181122 12:17:34', 0)
INSERT INTO dbo.PlantStates (TimeStamp, PlantState) VALUES ('20181122 13:32:30', 1)
INSERT INTO dbo.PlantStates (TimeStamp, PlantState) VALUES ('20181122 21:38:57', 2)
INSERT INTO dbo.PlantStates (TimeStamp, PlantState) VALUES ('20181122 22:31:27', 1)
INSERT INTO dbo.PlantStates (TimeStamp, PlantState) VALUES ('20181122 23:59:59', 2)
INSERT INTO dbo.PlantStateDuration (TimeStamp, OffDuration, OnRunningDuration, OnStoppedfDuration) VALUES ('20181122 23:59:59', '12:17:34', '02:07:26', '09:34:59')
INSERT INTO dbo.DailyProduction (TimeStamp, NumPieces, NumPiecesRejected) VALUES ('20181122 23:59:59', 802, 344.86)
INSERT INTO dbo.PlantStates (TimeStamp, PlantState) VALUES ('20181123 00:00:00', 0)
INSERT INTO dbo.PlantStates (TimeStamp, PlantState) VALUES ('20181123 00:44:06', 1)
INSERT INTO dbo.PlantStates (TimeStamp, PlantState) VALUES ('20181123 09:36:09', 0)
INSERT INTO dbo.PlantStates (TimeStamp, PlantState) VALUES ('20181123 11:00:08', 1)
INSERT INTO dbo.PlantStates (TimeStamp, PlantState) VALUES ('20181123 23:18:26', 0)
INSERT INTO dbo.PlantStates (TimeStamp, PlantState) VALUES ('20181123 23:59:59', 1)
INSERT INTO dbo.PlantStateDuration (TimeStamp, OffDuration, OnRunningDuration, OnStoppedfDuration) VALUES ('20181123 23:59:59', '21:10:21', '02:49:38', '00:00:00')
INSERT INTO dbo.DailyProduction (TimeStamp, NumPieces, NumPiecesRejected) VALUES ('20181123 23:59:59', 368, 246.56)
INSERT INTO dbo.PlantStates (TimeStamp, PlantState) VALUES ('20181124 00:00:00', 0)
INSERT INTO dbo.PlantStates (TimeStamp, PlantState) VALUES ('20181124 14:43:58', 2)
INSERT INTO dbo.PlantStates (TimeStamp, PlantState) VALUES ('20181124 17:32:15', 1)
INSERT INTO dbo.PlantStates (TimeStamp, PlantState) VALUES ('20181124 23:03:10', 2)
INSERT INTO dbo.PlantStates (TimeStamp, PlantState) VALUES ('20181124 23:26:53', 1)
INSERT INTO dbo.PlantStates (TimeStamp, PlantState) VALUES ('20181124 23:59:59', 0)
INSERT INTO dbo.PlantStateDuration (TimeStamp, OffDuration, OnRunningDuration, OnStoppedfDuration) VALUES ('20181124 23:59:59', '00:33:06', '03:12:00', '20:14:53')
INSERT INTO dbo.DailyProduction (TimeStamp, NumPieces, NumPiecesRejected) VALUES ('20181124 23:59:59', 694, 215.14)
INSERT INTO dbo.PlantStates (TimeStamp, PlantState) VALUES ('20181125 00:00:00', 2)
INSERT INTO dbo.PlantStates (TimeStamp, PlantState) VALUES ('20181125 00:02:46', 1)
INSERT INTO dbo.PlantStates (TimeStamp, PlantState) VALUES ('20181125 05:03:08', 0)
INSERT INTO dbo.PlantStates (TimeStamp, PlantState) VALUES ('20181125 23:16:34', 1)
INSERT INTO dbo.PlantStates (TimeStamp, PlantState) VALUES ('20181125 23:50:24', 2)
INSERT INTO dbo.PlantStates (TimeStamp, PlantState) VALUES ('20181125 23:59:59', 0)
INSERT INTO dbo.PlantStateDuration (TimeStamp, OffDuration, OnRunningDuration, OnStoppedfDuration) VALUES ('20181125 23:59:59', '05:09:57', '18:16:12', '00:33:50')
INSERT INTO dbo.DailyProduction (TimeStamp, NumPieces, NumPiecesRejected) VALUES ('20181125 23:59:59', 831, 797.76)
INSERT INTO dbo.PlantStates (TimeStamp, PlantState) VALUES ('20181126 00:00:00', 2)
INSERT INTO dbo.PlantStates (TimeStamp, PlantState) VALUES ('20181126 05:30:41', 0)
INSERT INTO dbo.PlantStates (TimeStamp, PlantState) VALUES ('20181126 15:28:46', 2)
INSERT INTO dbo.PlantStates (TimeStamp, PlantState) VALUES ('20181126 21:50:54', 0)
INSERT INTO dbo.PlantStates (TimeStamp, PlantState) VALUES ('20181126 23:10:51', 1)
INSERT INTO dbo.PlantStates (TimeStamp, PlantState) VALUES ('20181126 23:59:59', 0)
INSERT INTO dbo.PlantStateDuration (TimeStamp, OffDuration, OnRunningDuration, OnStoppedfDuration) VALUES ('20181126 23:59:59', '12:41:57', '01:19:57', '09:58:05')
INSERT INTO dbo.DailyProduction (TimeStamp, NumPieces, NumPiecesRejected) VALUES ('20181126 23:59:59', 519, 155.7)
INSERT INTO dbo.PlantStates (TimeStamp, PlantState) VALUES ('20181127 00:00:00', 1)
INSERT INTO dbo.PlantStates (TimeStamp, PlantState) VALUES ('20181127 04:19:38', 0)
INSERT INTO dbo.PlantStates (TimeStamp, PlantState) VALUES ('20181127 13:39:19', 1)
INSERT INTO dbo.PlantStates (TimeStamp, PlantState) VALUES ('20181127 19:28:02', 0)
INSERT INTO dbo.PlantStates (TimeStamp, PlantState) VALUES ('20181127 20:39:03', 2)
INSERT INTO dbo.PlantStates (TimeStamp, PlantState) VALUES ('20181127 23:59:59', 1)
INSERT INTO dbo.PlantStateDuration (TimeStamp, OffDuration, OnRunningDuration, OnStoppedfDuration) VALUES ('20181127 23:59:59', '10:08:21', '12:40:37', '01:11:01')
INSERT INTO dbo.DailyProduction (TimeStamp, NumPieces, NumPiecesRejected) VALUES ('20181127 23:59:59', 324, 320.76)
INSERT INTO dbo.PlantStates (TimeStamp, PlantState) VALUES ('20181128 00:00:00', 0)
INSERT INTO dbo.PlantStates (TimeStamp, PlantState) VALUES ('20181128 17:40:22', 1)
INSERT INTO dbo.PlantStates (TimeStamp, PlantState) VALUES ('20181128 20:25:14', 2)
INSERT INTO dbo.PlantStates (TimeStamp, PlantState) VALUES ('20181128 23:42:47', 1)
INSERT INTO dbo.PlantStates (TimeStamp, PlantState) VALUES ('20181128 23:43:26', 2)
INSERT INTO dbo.PlantStates (TimeStamp, PlantState) VALUES ('20181128 23:59:59', 0)
INSERT INTO dbo.PlantStateDuration (TimeStamp, OffDuration, OnRunningDuration, OnStoppedfDuration) VALUES ('20181128 23:59:59', '00:16:33', '20:57:55', '02:45:31')
INSERT INTO dbo.DailyProduction (TimeStamp, NumPieces, NumPiecesRejected) VALUES ('20181128 23:59:59', 364, 109.2)
INSERT INTO dbo.PlantStates (TimeStamp, PlantState) VALUES ('20181129 00:00:00', 2)
INSERT INTO dbo.PlantStates (TimeStamp, PlantState) VALUES ('20181129 02:51:00', 0)
INSERT INTO dbo.PlantStates (TimeStamp, PlantState) VALUES ('20181129 04:11:24', 1)
INSERT INTO dbo.PlantStates (TimeStamp, PlantState) VALUES ('20181129 06:55:29', 2)
INSERT INTO dbo.PlantStates (TimeStamp, PlantState) VALUES ('20181129 23:44:18', 1)
INSERT INTO dbo.PlantStates (TimeStamp, PlantState) VALUES ('20181129 23:59:59', 2)
INSERT INTO dbo.PlantStateDuration (TimeStamp, OffDuration, OnRunningDuration, OnStoppedfDuration) VALUES ('20181129 23:59:59', '02:51:00', '18:09:13', '02:59:46')
INSERT INTO dbo.DailyProduction (TimeStamp, NumPieces, NumPiecesRejected) VALUES ('20181129 23:59:59', 643, 565.84)
INSERT INTO dbo.PlantStates (TimeStamp, PlantState) VALUES ('20181130 00:00:00', 0)
INSERT INTO dbo.PlantStates (TimeStamp, PlantState) VALUES ('20181130 00:55:25', 2)
INSERT INTO dbo.PlantStates (TimeStamp, PlantState) VALUES ('20181130 01:36:00', 0)
INSERT INTO dbo.PlantStates (TimeStamp, PlantState) VALUES ('20181130 07:04:26', 1)
INSERT INTO dbo.PlantStates (TimeStamp, PlantState) VALUES ('20181130 12:23:43', 0)
INSERT INTO dbo.PlantStates (TimeStamp, PlantState) VALUES ('20181130 23:59:59', 2)
INSERT INTO dbo.PlantStateDuration (TimeStamp, OffDuration, OnRunningDuration, OnStoppedfDuration) VALUES ('20181130 23:59:59', '05:59:52', '05:28:26', '12:31:41')
INSERT INTO dbo.DailyProduction (TimeStamp, NumPieces, NumPiecesRejected) VALUES ('20181130 23:59:59', 27, 8.91)
INSERT INTO dbo.PlantStates (TimeStamp, PlantState) VALUES ('20181201 00:00:00', 1)
INSERT INTO dbo.PlantStates (TimeStamp, PlantState) VALUES ('20181201 11:47:05', 0)
INSERT INTO dbo.PlantStates (TimeStamp, PlantState) VALUES ('20181201 15:01:14', 1)
INSERT INTO dbo.PlantStates (TimeStamp, PlantState) VALUES ('20181201 22:08:12', 2)
INSERT INTO dbo.PlantStates (TimeStamp, PlantState) VALUES ('20181201 23:53:31', 0)
INSERT INTO dbo.PlantStates (TimeStamp, PlantState) VALUES ('20181201 23:59:59', 2)
INSERT INTO dbo.PlantStateDuration (TimeStamp, OffDuration, OnRunningDuration, OnStoppedfDuration) VALUES ('20181201 23:59:59', '13:32:24', '03:14:09', '07:13:26')
INSERT INTO dbo.DailyProduction (TimeStamp, NumPieces, NumPiecesRejected) VALUES ('20181201 23:59:59', 303, 212.1)
INSERT INTO dbo.PlantStates (TimeStamp, PlantState) VALUES ('20181202 00:00:00', 1)
INSERT INTO dbo.PlantStates (TimeStamp, PlantState) VALUES ('20181202 09:55:04', 2)
INSERT INTO dbo.PlantStates (TimeStamp, PlantState) VALUES ('20181202 14:58:18', 1)
INSERT INTO dbo.PlantStates (TimeStamp, PlantState) VALUES ('20181202 16:18:19', 2)
INSERT INTO dbo.PlantStates (TimeStamp, PlantState) VALUES ('20181202 22:58:20', 0)
INSERT INTO dbo.PlantStates (TimeStamp, PlantState) VALUES ('20181202 23:59:59', 1)
INSERT INTO dbo.PlantStateDuration (TimeStamp, OffDuration, OnRunningDuration, OnStoppedfDuration) VALUES ('20181202 23:59:59', '06:40:01', '06:04:53', '11:15:05')
INSERT INTO dbo.DailyProduction (TimeStamp, NumPieces, NumPiecesRejected) VALUES ('20181202 23:59:59', 778, 707.98)
INSERT INTO dbo.PlantStates (TimeStamp, PlantState) VALUES ('20181203 00:00:00', 2)
INSERT INTO dbo.PlantStates (TimeStamp, PlantState) VALUES ('20181203 01:15:37', 1)
INSERT INTO dbo.PlantStates (TimeStamp, PlantState) VALUES ('20181203 02:07:58', 0)
INSERT INTO dbo.PlantStates (TimeStamp, PlantState) VALUES ('20181203 11:53:04', 2)
INSERT INTO dbo.PlantStates (TimeStamp, PlantState) VALUES ('20181203 17:11:51', 1)
INSERT INTO dbo.PlantStates (TimeStamp, PlantState) VALUES ('20181203 23:59:59', 2)
INSERT INTO dbo.PlantStateDuration (TimeStamp, OffDuration, OnRunningDuration, OnStoppedfDuration) VALUES ('20181203 23:59:59', '00:52:21', '06:34:24', '16:33:14')
INSERT INTO dbo.DailyProduction (TimeStamp, NumPieces, NumPiecesRejected) VALUES ('20181203 23:59:59', 133, 59.85)
INSERT INTO dbo.PlantStates (TimeStamp, PlantState) VALUES ('20181204 00:00:00', 0)
INSERT INTO dbo.PlantStates (TimeStamp, PlantState) VALUES ('20181204 08:25:50', 1)
INSERT INTO dbo.PlantStates (TimeStamp, PlantState) VALUES ('20181204 23:32:58', 0)
INSERT INTO dbo.PlantStates (TimeStamp, PlantState) VALUES ('20181204 23:46:02', 1)
INSERT INTO dbo.PlantStates (TimeStamp, PlantState) VALUES ('20181204 23:50:08', 2)
INSERT INTO dbo.PlantStates (TimeStamp, PlantState) VALUES ('20181204 23:59:59', 1)
INSERT INTO dbo.PlantStateDuration (TimeStamp, OffDuration, OnRunningDuration, OnStoppedfDuration) VALUES ('20181204 23:59:59', '15:07:08', '08:48:45', '00:04:06')
INSERT INTO dbo.DailyProduction (TimeStamp, NumPieces, NumPiecesRejected) VALUES ('20181204 23:59:59', 511, 199.29)
INSERT INTO dbo.PlantStates (TimeStamp, PlantState) VALUES ('20181205 00:00:00', 2)
INSERT INTO dbo.PlantStates (TimeStamp, PlantState) VALUES ('20181205 10:39:03', 0)
INSERT INTO dbo.PlantStates (TimeStamp, PlantState) VALUES ('20181205 20:23:03', 1)
INSERT INTO dbo.PlantStates (TimeStamp, PlantState) VALUES ('20181205 20:32:28', 2)
INSERT INTO dbo.PlantStates (TimeStamp, PlantState) VALUES ('20181205 22:00:12', 1)
INSERT INTO dbo.PlantStates (TimeStamp, PlantState) VALUES ('20181205 23:59:59', 0)
INSERT INTO dbo.PlantStateDuration (TimeStamp, OffDuration, OnRunningDuration, OnStoppedfDuration) VALUES ('20181205 23:59:59', '12:38:50', '11:11:44', '00:09:25')
INSERT INTO dbo.DailyProduction (TimeStamp, NumPieces, NumPiecesRejected) VALUES ('20181205 23:59:59', 49, 15.19)
INSERT INTO dbo.PlantStates (TimeStamp, PlantState) VALUES ('20181206 00:00:00', 2)
INSERT INTO dbo.PlantStates (TimeStamp, PlantState) VALUES ('20181206 04:01:33', 1)
INSERT INTO dbo.PlantStates (TimeStamp, PlantState) VALUES ('20181206 05:47:42', 2)
INSERT INTO dbo.PlantStates (TimeStamp, PlantState) VALUES ('20181206 07:21:51', 1)
INSERT INTO dbo.PlantStates (TimeStamp, PlantState) VALUES ('20181206 22:22:53', 2)
INSERT INTO dbo.PlantStates (TimeStamp, PlantState) VALUES ('20181206 23:59:59', 1)
INSERT INTO dbo.PlantStateDuration (TimeStamp, OffDuration, OnRunningDuration, OnStoppedfDuration) VALUES ('20181206 23:59:59', '00:00:00', '07:12:48', '16:47:11')
INSERT INTO dbo.DailyProduction (TimeStamp, NumPieces, NumPiecesRejected) VALUES ('20181206 23:59:59', 764, 282.68)
INSERT INTO dbo.PlantStates (TimeStamp, PlantState) VALUES ('20181207 00:00:00', 2)
INSERT INTO dbo.PlantStates (TimeStamp, PlantState) VALUES ('20181207 13:29:58', 1)
INSERT INTO dbo.PlantStates (TimeStamp, PlantState) VALUES ('20181207 16:33:07', 0)
INSERT INTO dbo.PlantStates (TimeStamp, PlantState) VALUES ('20181207 22:38:57', 2)
INSERT INTO dbo.PlantStates (TimeStamp, PlantState) VALUES ('20181207 22:53:31', 1)
INSERT INTO dbo.PlantStates (TimeStamp, PlantState) VALUES ('20181207 23:59:59', 0)
INSERT INTO dbo.PlantStateDuration (TimeStamp, OffDuration, OnRunningDuration, OnStoppedfDuration) VALUES ('20181207 23:59:59', '04:09:37', '13:44:32', '06:05:50')
INSERT INTO dbo.DailyProduction (TimeStamp, NumPieces, NumPiecesRejected) VALUES ('20181207 23:59:59', 822, 583.62)
INSERT INTO dbo.PlantStates (TimeStamp, PlantState) VALUES ('20181208 00:00:00', 2)
INSERT INTO dbo.PlantStates (TimeStamp, PlantState) VALUES ('20181208 02:54:56', 0)
INSERT INTO dbo.PlantStates (TimeStamp, PlantState) VALUES ('20181208 09:10:21', 1)
INSERT INTO dbo.PlantStates (TimeStamp, PlantState) VALUES ('20181208 16:33:45', 2)
INSERT INTO dbo.PlantStates (TimeStamp, PlantState) VALUES ('20181208 22:46:56', 0)
INSERT INTO dbo.PlantStates (TimeStamp, PlantState) VALUES ('20181208 23:59:59', 2)
INSERT INTO dbo.PlantStateDuration (TimeStamp, OffDuration, OnRunningDuration, OnStoppedfDuration) VALUES ('20181208 23:59:59', '09:08:07', '06:15:25', '08:36:27')
INSERT INTO dbo.DailyProduction (TimeStamp, NumPieces, NumPiecesRejected) VALUES ('20181208 23:59:59', 473, 184.47)
INSERT INTO dbo.PlantStates (TimeStamp, PlantState) VALUES ('20181209 00:00:00', 0)
INSERT INTO dbo.PlantStates (TimeStamp, PlantState) VALUES ('20181209 19:54:55', 1)
INSERT INTO dbo.PlantStates (TimeStamp, PlantState) VALUES ('20181209 23:07:17', 0)
INSERT INTO dbo.PlantStates (TimeStamp, PlantState) VALUES ('20181209 23:19:55', 2)
INSERT INTO dbo.PlantStates (TimeStamp, PlantState) VALUES ('20181209 23:27:56', 1)
INSERT INTO dbo.PlantStates (TimeStamp, PlantState) VALUES ('20181209 23:59:59', 2)
INSERT INTO dbo.PlantStateDuration (TimeStamp, OffDuration, OnRunningDuration, OnStoppedfDuration) VALUES ('20181209 23:59:59', '03:12:22', '20:02:56', '00:44:41')
INSERT INTO dbo.DailyProduction (TimeStamp, NumPieces, NumPiecesRejected) VALUES ('20181209 23:59:59', 951, 523.05)
INSERT INTO dbo.PlantStates (TimeStamp, PlantState) VALUES ('20181210 00:00:00', 1)
INSERT INTO dbo.PlantStates (TimeStamp, PlantState) VALUES ('20181210 00:21:57', 2)
INSERT INTO dbo.PlantStates (TimeStamp, PlantState) VALUES ('20181210 11:54:54', 1)
INSERT INTO dbo.PlantStates (TimeStamp, PlantState) VALUES ('20181210 12:17:33', 0)
INSERT INTO dbo.PlantStates (TimeStamp, PlantState) VALUES ('20181210 20:15:05', 1)
INSERT INTO dbo.PlantStates (TimeStamp, PlantState) VALUES ('20181210 23:59:59', 0)
INSERT INTO dbo.PlantStateDuration (TimeStamp, OffDuration, OnRunningDuration, OnStoppedfDuration) VALUES ('20181210 23:59:59', '04:07:33', '19:30:29', '00:21:57')
INSERT INTO dbo.DailyProduction (TimeStamp, NumPieces, NumPiecesRejected) VALUES ('20181210 23:59:59', 535, 208.65)
INSERT INTO dbo.PlantStates (TimeStamp, PlantState) VALUES ('20181211 00:00:00', 1)
INSERT INTO dbo.PlantStates (TimeStamp, PlantState) VALUES ('20181211 10:36:48', 2)
INSERT INTO dbo.PlantStates (TimeStamp, PlantState) VALUES ('20181211 10:36:52', 1)
INSERT INTO dbo.PlantStates (TimeStamp, PlantState) VALUES ('20181211 19:00:32', 2)
INSERT INTO dbo.PlantStates (TimeStamp, PlantState) VALUES ('20181211 20:17:10', 1)
INSERT INTO dbo.PlantStates (TimeStamp, PlantState) VALUES ('20181211 23:59:59', 2)
INSERT INTO dbo.PlantStateDuration (TimeStamp, OffDuration, OnRunningDuration, OnStoppedfDuration) VALUES ('20181211 23:59:59', '00:00:00', '01:16:42', '22:43:17')
INSERT INTO dbo.DailyProduction (TimeStamp, NumPieces, NumPiecesRejected) VALUES ('20181211 23:59:59', 886, 389.84)
INSERT INTO dbo.PlantStates (TimeStamp, PlantState) VALUES ('20181212 00:00:00', 0)
INSERT INTO dbo.PlantStates (TimeStamp, PlantState) VALUES ('20181212 00:32:51', 1)
INSERT INTO dbo.PlantStates (TimeStamp, PlantState) VALUES ('20181212 05:00:04', 2)
INSERT INTO dbo.PlantStates (TimeStamp, PlantState) VALUES ('20181212 11:35:40', 0)
INSERT INTO dbo.PlantStates (TimeStamp, PlantState) VALUES ('20181212 22:39:44', 2)
INSERT INTO dbo.PlantStates (TimeStamp, PlantState) VALUES ('20181212 23:59:59', 0)
INSERT INTO dbo.PlantStateDuration (TimeStamp, OffDuration, OnRunningDuration, OnStoppedfDuration) VALUES ('20181212 23:59:59', '07:55:51', '00:32:51', '15:31:17')
INSERT INTO dbo.DailyProduction (TimeStamp, NumPieces, NumPiecesRejected) VALUES ('20181212 23:59:59', 703, 660.82)
INSERT INTO dbo.PlantStates (TimeStamp, PlantState) VALUES ('20181213 00:00:00', 1)
INSERT INTO dbo.PlantStates (TimeStamp, PlantState) VALUES ('20181213 03:39:49', 0)
INSERT INTO dbo.PlantStates (TimeStamp, PlantState) VALUES ('20181213 16:16:58', 1)
INSERT INTO dbo.PlantStates (TimeStamp, PlantState) VALUES ('20181213 23:35:57', 2)
INSERT INTO dbo.PlantStates (TimeStamp, PlantState) VALUES ('20181213 23:58:02', 0)
INSERT INTO dbo.PlantStates (TimeStamp, PlantState) VALUES ('20181213 23:59:59', 2)
INSERT INTO dbo.PlantStateDuration (TimeStamp, OffDuration, OnRunningDuration, OnStoppedfDuration) VALUES ('20181213 23:59:59', '04:01:54', '12:37:09', '07:20:56')
INSERT INTO dbo.DailyProduction (TimeStamp, NumPieces, NumPiecesRejected) VALUES ('20181213 23:59:59', 845, 828.1)
INSERT INTO dbo.PlantStates (TimeStamp, PlantState) VALUES ('20181214 00:00:00', 1)
INSERT INTO dbo.PlantStates (TimeStamp, PlantState) VALUES ('20181214 04:52:39', 0)
INSERT INTO dbo.PlantStates (TimeStamp, PlantState) VALUES ('20181214 05:58:55', 1)
INSERT INTO dbo.PlantStates (TimeStamp, PlantState) VALUES ('20181214 11:46:21', 0)
INSERT INTO dbo.PlantStates (TimeStamp, PlantState) VALUES ('20181214 16:23:31', 1)
INSERT INTO dbo.PlantStates (TimeStamp, PlantState) VALUES ('20181214 23:59:59', 2)
INSERT INTO dbo.PlantStateDuration (TimeStamp, OffDuration, OnRunningDuration, OnStoppedfDuration) VALUES ('20181214 23:59:59', '10:40:05', '05:43:26', '07:36:28')
INSERT INTO dbo.DailyProduction (TimeStamp, NumPieces, NumPiecesRejected) VALUES ('20181214 23:59:59', 541, 140.66)
INSERT INTO dbo.PlantStates (TimeStamp, PlantState) VALUES ('20181215 00:00:00', 1)
INSERT INTO dbo.PlantStates (TimeStamp, PlantState) VALUES ('20181215 05:37:03', 0)
INSERT INTO dbo.PlantStates (TimeStamp, PlantState) VALUES ('20181215 09:16:30', 1)
INSERT INTO dbo.PlantStates (TimeStamp, PlantState) VALUES ('20181215 11:56:24', 2)
INSERT INTO dbo.PlantStates (TimeStamp, PlantState) VALUES ('20181215 21:16:37', 1)
INSERT INTO dbo.PlantStates (TimeStamp, PlantState) VALUES ('20181215 23:59:59', 2)
INSERT INTO dbo.PlantStateDuration (TimeStamp, OffDuration, OnRunningDuration, OnStoppedfDuration) VALUES ('20181215 23:59:59', '05:37:03', '12:59:40', '05:23:16')
INSERT INTO dbo.DailyProduction (TimeStamp, NumPieces, NumPiecesRejected) VALUES ('20181215 23:59:59', 726, 217.8)
INSERT INTO dbo.PlantStates (TimeStamp, PlantState) VALUES ('20181216 00:00:00', 1)
INSERT INTO dbo.PlantStates (TimeStamp, PlantState) VALUES ('20181216 01:48:16', 2)
INSERT INTO dbo.PlantStates (TimeStamp, PlantState) VALUES ('20181216 02:09:17', 1)
INSERT INTO dbo.PlantStates (TimeStamp, PlantState) VALUES ('20181216 21:49:48', 2)
INSERT INTO dbo.PlantStates (TimeStamp, PlantState) VALUES ('20181216 23:27:10', 0)
INSERT INTO dbo.PlantStates (TimeStamp, PlantState) VALUES ('20181216 23:59:59', 2)
INSERT INTO dbo.PlantStateDuration (TimeStamp, OffDuration, OnRunningDuration, OnStoppedfDuration) VALUES ('20181216 23:59:59', '01:37:22', '00:21:01', '22:01:36')
INSERT INTO dbo.DailyProduction (TimeStamp, NumPieces, NumPiecesRejected) VALUES ('20181216 23:59:59', 403, 104.78)
INSERT INTO dbo.PlantStates (TimeStamp, PlantState) VALUES ('20181217 00:00:00', 0)
INSERT INTO dbo.PlantStates (TimeStamp, PlantState) VALUES ('20181217 08:55:08', 2)
INSERT INTO dbo.PlantStates (TimeStamp, PlantState) VALUES ('20181217 15:54:12', 1)
INSERT INTO dbo.PlantStates (TimeStamp, PlantState) VALUES ('20181217 23:50:39', 2)
INSERT INTO dbo.PlantStates (TimeStamp, PlantState) VALUES ('20181217 23:58:37', 0)
INSERT INTO dbo.PlantStates (TimeStamp, PlantState) VALUES ('20181217 23:59:59', 1)
INSERT INTO dbo.PlantStateDuration (TimeStamp, OffDuration, OnRunningDuration, OnStoppedfDuration) VALUES ('20181217 23:59:59', '00:07:58', '07:00:26', '16:51:35')
INSERT INTO dbo.DailyProduction (TimeStamp, NumPieces, NumPiecesRejected) VALUES ('20181217 23:59:59', 961, 336.35)
INSERT INTO dbo.PlantStates (TimeStamp, PlantState) VALUES ('20181218 00:00:00', 0)
INSERT INTO dbo.PlantStates (TimeStamp, PlantState) VALUES ('20181218 00:49:37', 1)
INSERT INTO dbo.PlantStates (TimeStamp, PlantState) VALUES ('20181218 02:16:53', 2)
INSERT INTO dbo.PlantStates (TimeStamp, PlantState) VALUES ('20181218 02:41:40', 0)
INSERT INTO dbo.PlantStates (TimeStamp, PlantState) VALUES ('20181218 05:28:57', 1)
INSERT INTO dbo.PlantStates (TimeStamp, PlantState) VALUES ('20181218 23:59:59', 0)
INSERT INTO dbo.PlantStateDuration (TimeStamp, OffDuration, OnRunningDuration, OnStoppedfDuration) VALUES ('20181218 23:59:59', '18:55:49', '03:36:54', '01:27:16')
INSERT INTO dbo.DailyProduction (TimeStamp, NumPieces, NumPiecesRejected) VALUES ('20181218 23:59:59', 527, 395.25)
INSERT INTO dbo.PlantStates (TimeStamp, PlantState) VALUES ('20181219 00:00:00', 2)
INSERT INTO dbo.PlantStates (TimeStamp, PlantState) VALUES ('20181219 15:15:04', 1)
INSERT INTO dbo.PlantStates (TimeStamp, PlantState) VALUES ('20181219 18:37:40', 0)
INSERT INTO dbo.PlantStates (TimeStamp, PlantState) VALUES ('20181219 21:52:42', 2)
INSERT INTO dbo.PlantStates (TimeStamp, PlantState) VALUES ('20181219 23:39:27', 1)
INSERT INTO dbo.PlantStates (TimeStamp, PlantState) VALUES ('20181219 23:59:59', 2)
INSERT INTO dbo.PlantStateDuration (TimeStamp, OffDuration, OnRunningDuration, OnStoppedfDuration) VALUES ('20181219 23:59:59', '03:22:36', '17:01:49', '03:35:34')
INSERT INTO dbo.DailyProduction (TimeStamp, NumPieces, NumPiecesRejected) VALUES ('20181219 23:59:59', 398, 322.38)
INSERT INTO dbo.PlantStates (TimeStamp, PlantState) VALUES ('20181220 00:00:00', 1)
INSERT INTO dbo.PlantStates (TimeStamp, PlantState) VALUES ('20181220 06:36:49', 2)
INSERT INTO dbo.PlantStates (TimeStamp, PlantState) VALUES ('20181220 23:50:32', 1)
INSERT INTO dbo.PlantStates (TimeStamp, PlantState) VALUES ('20181220 23:55:49', 0)
INSERT INTO dbo.PlantStates (TimeStamp, PlantState) VALUES ('20181220 23:57:30', 2)
INSERT INTO dbo.PlantStates (TimeStamp, PlantState) VALUES ('20181220 23:59:59', 1)
INSERT INTO dbo.PlantStateDuration (TimeStamp, OffDuration, OnRunningDuration, OnStoppedfDuration) VALUES ('20181220 23:59:59', '00:05:17', '17:16:12', '06:38:30')
INSERT INTO dbo.DailyProduction (TimeStamp, NumPieces, NumPiecesRejected) VALUES ('20181220 23:59:59', 614, 55.26)
INSERT INTO dbo.PlantStates (TimeStamp, PlantState) VALUES ('20181221 00:00:00', 0)
INSERT INTO dbo.PlantStates (TimeStamp, PlantState) VALUES ('20181221 16:22:48', 2)
INSERT INTO dbo.PlantStates (TimeStamp, PlantState) VALUES ('20181221 22:36:11', 1)
INSERT INTO dbo.PlantStates (TimeStamp, PlantState) VALUES ('20181221 22:41:13', 0)
INSERT INTO dbo.PlantStates (TimeStamp, PlantState) VALUES ('20181221 23:23:03', 2)
INSERT INTO dbo.PlantStates (TimeStamp, PlantState) VALUES ('20181221 23:59:59', 0)
INSERT INTO dbo.PlantStateDuration (TimeStamp, OffDuration, OnRunningDuration, OnStoppedfDuration) VALUES ('20181221 23:59:59', '00:41:58', '06:13:23', '17:04:38')
INSERT INTO dbo.DailyProduction (TimeStamp, NumPieces, NumPiecesRejected) VALUES ('20181221 23:59:59', 198, 25.74)
INSERT INTO dbo.PlantStates (TimeStamp, PlantState) VALUES ('20181222 00:00:00', 2)
INSERT INTO dbo.PlantStates (TimeStamp, PlantState) VALUES ('20181222 03:53:17', 1)
INSERT INTO dbo.PlantStates (TimeStamp, PlantState) VALUES ('20181222 20:21:13', 0)
INSERT INTO dbo.PlantStates (TimeStamp, PlantState) VALUES ('20181222 23:29:07', 2)
INSERT INTO dbo.PlantStates (TimeStamp, PlantState) VALUES ('20181222 23:29:34', 0)
INSERT INTO dbo.PlantStates (TimeStamp, PlantState) VALUES ('20181222 23:59:59', 1)
INSERT INTO dbo.PlantStateDuration (TimeStamp, OffDuration, OnRunningDuration, OnStoppedfDuration) VALUES ('20181222 23:59:59', '16:28:23', '04:23:42', '03:07:54')
INSERT INTO dbo.DailyProduction (TimeStamp, NumPieces, NumPiecesRejected) VALUES ('20181222 23:59:59', 251, 218.37)
INSERT INTO dbo.PlantStates (TimeStamp, PlantState) VALUES ('20181223 00:00:00', 2)
INSERT INTO dbo.PlantStates (TimeStamp, PlantState) VALUES ('20181223 02:42:55', 0)
INSERT INTO dbo.PlantStates (TimeStamp, PlantState) VALUES ('20181223 08:07:12', 1)
INSERT INTO dbo.PlantStates (TimeStamp, PlantState) VALUES ('20181223 14:04:37', 0)
INSERT INTO dbo.PlantStates (TimeStamp, PlantState) VALUES ('20181223 19:20:16', 1)
INSERT INTO dbo.PlantStates (TimeStamp, PlantState) VALUES ('20181223 23:59:59', 0)
INSERT INTO dbo.PlantStateDuration (TimeStamp, OffDuration, OnRunningDuration, OnStoppedfDuration) VALUES ('20181223 23:59:59', '13:20:03', '10:39:56', '00:00:00')
INSERT INTO dbo.DailyProduction (TimeStamp, NumPieces, NumPiecesRejected) VALUES ('20181223 23:59:59', 796, 302.48)
INSERT INTO dbo.PlantStates (TimeStamp, PlantState) VALUES ('20181224 00:00:00', 2)
INSERT INTO dbo.PlantStates (TimeStamp, PlantState) VALUES ('20181224 00:59:55', 0)
INSERT INTO dbo.PlantStates (TimeStamp, PlantState) VALUES ('20181224 08:16:41', 1)
INSERT INTO dbo.PlantStates (TimeStamp, PlantState) VALUES ('20181224 22:35:15', 2)
INSERT INTO dbo.PlantStates (TimeStamp, PlantState) VALUES ('20181224 23:45:26', 0)
INSERT INTO dbo.PlantStates (TimeStamp, PlantState) VALUES ('20181224 23:59:59', 1)
INSERT INTO dbo.PlantStateDuration (TimeStamp, OffDuration, OnRunningDuration, OnStoppedfDuration) VALUES ('20181224 23:59:59', '02:10:06', '07:31:19', '14:18:34')
INSERT INTO dbo.DailyProduction (TimeStamp, NumPieces, NumPiecesRejected) VALUES ('20181224 23:59:59', 537, 247.02)
INSERT INTO dbo.PlantStates (TimeStamp, PlantState) VALUES ('20181225 00:00:00', 0)
INSERT INTO dbo.PlantStates (TimeStamp, PlantState) VALUES ('20181225 00:00:27', 2)
INSERT INTO dbo.PlantStates (TimeStamp, PlantState) VALUES ('20181225 04:47:44', 0)
INSERT INTO dbo.PlantStates (TimeStamp, PlantState) VALUES ('20181225 13:14:48', 1)
INSERT INTO dbo.PlantStates (TimeStamp, PlantState) VALUES ('20181225 20:44:44', 0)
INSERT INTO dbo.PlantStates (TimeStamp, PlantState) VALUES ('20181225 23:59:59', 1)
INSERT INTO dbo.PlantStateDuration (TimeStamp, OffDuration, OnRunningDuration, OnStoppedfDuration) VALUES ('20181225 23:59:59', '12:17:13', '11:42:19', '00:00:27')
INSERT INTO dbo.DailyProduction (TimeStamp, NumPieces, NumPiecesRejected) VALUES ('20181225 23:59:59', 990, 712.8)
INSERT INTO dbo.PlantStates (TimeStamp, PlantState) VALUES ('20181226 00:00:00', 0)
INSERT INTO dbo.PlantStates (TimeStamp, PlantState) VALUES ('20181226 14:40:26', 2)
INSERT INTO dbo.PlantStates (TimeStamp, PlantState) VALUES ('20181226 23:08:01', 0)
INSERT INTO dbo.PlantStates (TimeStamp, PlantState) VALUES ('20181226 23:43:31', 1)
INSERT INTO dbo.PlantStates (TimeStamp, PlantState) VALUES ('20181226 23:57:17', 0)
INSERT INTO dbo.PlantStates (TimeStamp, PlantState) VALUES ('20181226 23:59:59', 2)
INSERT INTO dbo.PlantStateDuration (TimeStamp, OffDuration, OnRunningDuration, OnStoppedfDuration) VALUES ('20181226 23:59:59', '08:41:21', '00:35:30', '14:43:08')
INSERT INTO dbo.DailyProduction (TimeStamp, NumPieces, NumPiecesRejected) VALUES ('20181226 23:59:59', 370, 92.5)
INSERT INTO dbo.PlantStates (TimeStamp, PlantState) VALUES ('20181227 00:00:00', 1)
INSERT INTO dbo.PlantStates (TimeStamp, PlantState) VALUES ('20181227 12:50:43', 0)
INSERT INTO dbo.PlantStates (TimeStamp, PlantState) VALUES ('20181227 21:25:40', 1)
INSERT INTO dbo.PlantStates (TimeStamp, PlantState) VALUES ('20181227 21:44:18', 2)
INSERT INTO dbo.PlantStates (TimeStamp, PlantState) VALUES ('20181227 22:45:58', 1)
INSERT INTO dbo.PlantStates (TimeStamp, PlantState) VALUES ('20181227 23:59:59', 2)
INSERT INTO dbo.PlantStateDuration (TimeStamp, OffDuration, OnRunningDuration, OnStoppedfDuration) VALUES ('20181227 23:59:59', '12:50:43', '09:36:37', '01:32:39')
INSERT INTO dbo.DailyProduction (TimeStamp, NumPieces, NumPiecesRejected) VALUES ('20181227 23:59:59', 768, 568.32)
INSERT INTO dbo.PlantStates (TimeStamp, PlantState) VALUES ('20181228 00:00:00', 1)
INSERT INTO dbo.PlantStates (TimeStamp, PlantState) VALUES ('20181228 01:52:06', 0)
INSERT INTO dbo.PlantStates (TimeStamp, PlantState) VALUES ('20181228 08:42:56', 2)
INSERT INTO dbo.PlantStates (TimeStamp, PlantState) VALUES ('20181228 14:30:20', 0)
INSERT INTO dbo.PlantStates (TimeStamp, PlantState) VALUES ('20181228 18:06:11', 1)
INSERT INTO dbo.PlantStates (TimeStamp, PlantState) VALUES ('20181228 23:59:59', 0)
INSERT INTO dbo.PlantStateDuration (TimeStamp, OffDuration, OnRunningDuration, OnStoppedfDuration) VALUES ('20181228 23:59:59', '13:33:18', '03:35:51', '06:50:50')
INSERT INTO dbo.DailyProduction (TimeStamp, NumPieces, NumPiecesRejected) VALUES ('20181228 23:59:59', 462, 0)
INSERT INTO dbo.PlantStates (TimeStamp, PlantState) VALUES ('20181229 00:00:00', 1)
INSERT INTO dbo.PlantStates (TimeStamp, PlantState) VALUES ('20181229 07:47:10', 2)
INSERT INTO dbo.PlantStates (TimeStamp, PlantState) VALUES ('20181229 15:50:52', 1)
INSERT INTO dbo.PlantStates (TimeStamp, PlantState) VALUES ('20181229 18:00:10', 0)
INSERT INTO dbo.PlantStates (TimeStamp, PlantState) VALUES ('20181229 20:01:26', 1)
INSERT INTO dbo.PlantStates (TimeStamp, PlantState) VALUES ('20181229 23:59:59', 0)
INSERT INTO dbo.PlantStateDuration (TimeStamp, OffDuration, OnRunningDuration, OnStoppedfDuration) VALUES ('20181229 23:59:59', '06:07:51', '10:04:58', '07:47:10')
INSERT INTO dbo.DailyProduction (TimeStamp, NumPieces, NumPiecesRejected) VALUES ('20181229 23:59:59', 203, 75.11)
INSERT INTO dbo.PlantStates (TimeStamp, PlantState) VALUES ('20181230 00:00:00', 1)
INSERT INTO dbo.PlantStates (TimeStamp, PlantState) VALUES ('20181230 12:33:23', 0)
INSERT INTO dbo.PlantStates (TimeStamp, PlantState) VALUES ('20181230 17:42:15', 1)
INSERT INTO dbo.PlantStates (TimeStamp, PlantState) VALUES ('20181230 23:22:18', 2)
INSERT INTO dbo.PlantStates (TimeStamp, PlantState) VALUES ('20181230 23:32:20', 0)
INSERT INTO dbo.PlantStates (TimeStamp, PlantState) VALUES ('20181230 23:59:59', 1)
INSERT INTO dbo.PlantStateDuration (TimeStamp, OffDuration, OnRunningDuration, OnStoppedfDuration) VALUES ('20181230 23:59:59', '12:43:25', '05:36:31', '05:40:03')
INSERT INTO dbo.DailyProduction (TimeStamp, NumPieces, NumPiecesRejected) VALUES ('20181230 23:59:59', 91, 75.53)
INSERT INTO dbo.PlantStates (TimeStamp, PlantState) VALUES ('20181231 00:00:00', 0)
INSERT INTO dbo.PlantStates (TimeStamp, PlantState) VALUES ('20181231 13:39:12', 1)
INSERT INTO dbo.PlantStates (TimeStamp, PlantState) VALUES ('20181231 17:44:12', 2)
INSERT INTO dbo.PlantStates (TimeStamp, PlantState) VALUES ('20181231 21:57:51', 0)
INSERT INTO dbo.PlantStates (TimeStamp, PlantState) VALUES ('20181231 22:02:38', 2)
INSERT INTO dbo.PlantStates (TimeStamp, PlantState) VALUES ('20181231 23:59:59', 0)
INSERT INTO dbo.PlantStateDuration (TimeStamp, OffDuration, OnRunningDuration, OnStoppedfDuration) VALUES ('20181231 23:59:59', '06:11:00', '13:39:12', '04:09:47')
INSERT INTO dbo.DailyProduction (TimeStamp, NumPieces, NumPiecesRejected) VALUES ('20181231 23:59:59', 722, 144.4)
INSERT INTO dbo.PlantStates (TimeStamp, PlantState) VALUES ('20190101 00:00:00', 2)
INSERT INTO dbo.PlantStates (TimeStamp, PlantState) VALUES ('20190101 01:42:42', 0)
INSERT INTO dbo.PlantStates (TimeStamp, PlantState) VALUES ('20190101 06:14:16', 1)
INSERT INTO dbo.PlantStates (TimeStamp, PlantState) VALUES ('20190101 09:21:43', 0)
INSERT INTO dbo.PlantStates (TimeStamp, PlantState) VALUES ('20190101 14:39:17', 2)
INSERT INTO dbo.PlantStates (TimeStamp, PlantState) VALUES ('20190101 23:59:59', 1)
INSERT INTO dbo.PlantStateDuration (TimeStamp, OffDuration, OnRunningDuration, OnStoppedfDuration) VALUES ('20190101 23:59:59', '04:50:09', '13:52:16', '05:17:34')
INSERT INTO dbo.DailyProduction (TimeStamp, NumPieces, NumPiecesRejected) VALUES ('20190101 23:59:59', 1000, 280)
INSERT INTO dbo.PlantStates (TimeStamp, PlantState) VALUES ('20190102 00:00:00', 0)
INSERT INTO dbo.PlantStates (TimeStamp, PlantState) VALUES ('20190102 01:41:24', 1)
INSERT INTO dbo.PlantStates (TimeStamp, PlantState) VALUES ('20190102 03:01:35', 0)
INSERT INTO dbo.PlantStates (TimeStamp, PlantState) VALUES ('20190102 16:26:25', 1)
INSERT INTO dbo.PlantStates (TimeStamp, PlantState) VALUES ('20190102 18:05:49', 0)
INSERT INTO dbo.PlantStates (TimeStamp, PlantState) VALUES ('20190102 23:59:59', 2)
INSERT INTO dbo.PlantStateDuration (TimeStamp, OffDuration, OnRunningDuration, OnStoppedfDuration) VALUES ('20190102 23:59:59', '02:59:35', '15:06:14', '05:54:10')
INSERT INTO dbo.DailyProduction (TimeStamp, NumPieces, NumPiecesRejected) VALUES ('20190102 23:59:59', 399, 123.69)
INSERT INTO dbo.PlantStates (TimeStamp, PlantState) VALUES ('20190103 00:00:00', 0)
INSERT INTO dbo.PlantStates (TimeStamp, PlantState) VALUES ('20190103 02:58:18', 2)
INSERT INTO dbo.PlantStates (TimeStamp, PlantState) VALUES ('20190103 09:40:38', 1)
INSERT INTO dbo.PlantStates (TimeStamp, PlantState) VALUES ('20190103 17:19:55', 2)
INSERT INTO dbo.PlantStates (TimeStamp, PlantState) VALUES ('20190103 20:40:06', 0)
INSERT INTO dbo.PlantStates (TimeStamp, PlantState) VALUES ('20190103 23:59:59', 1)
INSERT INTO dbo.PlantStateDuration (TimeStamp, OffDuration, OnRunningDuration, OnStoppedfDuration) VALUES ('20190103 23:59:59', '03:20:11', '10:02:13', '10:37:35')
INSERT INTO dbo.DailyProduction (TimeStamp, NumPieces, NumPiecesRejected) VALUES ('20190103 23:59:59', 583, 343.97)
INSERT INTO dbo.PlantStates (TimeStamp, PlantState) VALUES ('20190104 00:00:00', 0)
INSERT INTO dbo.PlantStates (TimeStamp, PlantState) VALUES ('20190104 06:44:08', 1)
INSERT INTO dbo.PlantStates (TimeStamp, PlantState) VALUES ('20190104 13:18:06', 2)
INSERT INTO dbo.PlantStates (TimeStamp, PlantState) VALUES ('20190104 14:19:31', 1)
INSERT INTO dbo.PlantStates (TimeStamp, PlantState) VALUES ('20190104 15:24:55', 0)
INSERT INTO dbo.PlantStates (TimeStamp, PlantState) VALUES ('20190104 23:59:59', 1)
INSERT INTO dbo.PlantStateDuration (TimeStamp, OffDuration, OnRunningDuration, OnStoppedfDuration) VALUES ('20190104 23:59:59', '01:05:24', '16:20:37', '06:33:58')
INSERT INTO dbo.DailyProduction (TimeStamp, NumPieces, NumPiecesRejected) VALUES ('20190104 23:59:59', 567, 90.72)
INSERT INTO dbo.PlantStates (TimeStamp, PlantState) VALUES ('20190105 00:00:00', 0)
INSERT INTO dbo.PlantStates (TimeStamp, PlantState) VALUES ('20190105 14:28:17', 1)
INSERT INTO dbo.PlantStates (TimeStamp, PlantState) VALUES ('20190105 23:55:24', 2)
INSERT INTO dbo.PlantStates (TimeStamp, PlantState) VALUES ('20190105 23:55:38', 1)
INSERT INTO dbo.PlantStates (TimeStamp, PlantState) VALUES ('20190105 23:59:19', 2)
INSERT INTO dbo.PlantStates (TimeStamp, PlantState) VALUES ('20190105 23:59:59', 1)
INSERT INTO dbo.PlantStateDuration (TimeStamp, OffDuration, OnRunningDuration, OnStoppedfDuration) VALUES ('20190105 23:59:59', '00:00:00', '14:29:11', '09:30:48')
INSERT INTO dbo.DailyProduction (TimeStamp, NumPieces, NumPiecesRejected) VALUES ('20190105 23:59:59', 884, 318.24)
INSERT INTO dbo.PlantStates (TimeStamp, PlantState) VALUES ('20190106 00:00:00', 0)
INSERT INTO dbo.PlantStates (TimeStamp, PlantState) VALUES ('20190106 15:49:27', 1)
INSERT INTO dbo.PlantStates (TimeStamp, PlantState) VALUES ('20190106 18:23:07', 2)
INSERT INTO dbo.PlantStates (TimeStamp, PlantState) VALUES ('20190106 19:42:10', 0)
INSERT INTO dbo.PlantStates (TimeStamp, PlantState) VALUES ('20190106 20:56:00', 2)
INSERT INTO dbo.PlantStates (TimeStamp, PlantState) VALUES ('20190106 23:59:59', 0)
INSERT INTO dbo.PlantStateDuration (TimeStamp, OffDuration, OnRunningDuration, OnStoppedfDuration) VALUES ('20190106 23:59:59', '04:23:02', '15:49:27', '03:47:30')
INSERT INTO dbo.DailyProduction (TimeStamp, NumPieces, NumPiecesRejected) VALUES ('20190106 23:59:59', 204, 77.52)
INSERT INTO dbo.PlantStates (TimeStamp, PlantState) VALUES ('20190107 00:00:00', 2)
INSERT INTO dbo.PlantStates (TimeStamp, PlantState) VALUES ('20190107 01:11:13', 0)
INSERT INTO dbo.PlantStates (TimeStamp, PlantState) VALUES ('20190107 03:15:35', 1)
INSERT INTO dbo.PlantStates (TimeStamp, PlantState) VALUES ('20190107 14:32:10', 0)
INSERT INTO dbo.PlantStates (TimeStamp, PlantState) VALUES ('20190107 23:25:14', 1)
INSERT INTO dbo.PlantStates (TimeStamp, PlantState) VALUES ('20190107 23:59:59', 0)
INSERT INTO dbo.PlantStateDuration (TimeStamp, OffDuration, OnRunningDuration, OnStoppedfDuration) VALUES ('20190107 23:59:59', '13:02:33', '10:57:26', '00:00:00')
INSERT INTO dbo.DailyProduction (TimeStamp, NumPieces, NumPiecesRejected) VALUES ('20190107 23:59:59', 989, 49.45)
INSERT INTO dbo.PlantStates (TimeStamp, PlantState) VALUES ('20190108 00:00:00', 1)
INSERT INTO dbo.PlantStates (TimeStamp, PlantState) VALUES ('20190108 10:51:57', 2)
INSERT INTO dbo.PlantStates (TimeStamp, PlantState) VALUES ('20190108 18:43:33', 1)
INSERT INTO dbo.PlantStates (TimeStamp, PlantState) VALUES ('20190108 23:29:57', 0)
INSERT INTO dbo.PlantStates (TimeStamp, PlantState) VALUES ('20190108 23:45:36', 1)
INSERT INTO dbo.PlantStates (TimeStamp, PlantState) VALUES ('20190108 23:59:59', 2)
INSERT INTO dbo.PlantStateDuration (TimeStamp, OffDuration, OnRunningDuration, OnStoppedfDuration) VALUES ('20190108 23:59:59', '04:46:24', '08:07:15', '11:06:20')
INSERT INTO dbo.DailyProduction (TimeStamp, NumPieces, NumPiecesRejected) VALUES ('20190108 23:59:59', 176, 77.44)
INSERT INTO dbo.PlantStates (TimeStamp, PlantState) VALUES ('20190109 00:00:00', 0)
INSERT INTO dbo.PlantStates (TimeStamp, PlantState) VALUES ('20190109 05:20:39', 1)
INSERT INTO dbo.PlantStates (TimeStamp, PlantState) VALUES ('20190109 20:47:07', 0)
INSERT INTO dbo.PlantStates (TimeStamp, PlantState) VALUES ('20190109 23:35:22', 2)
INSERT INTO dbo.PlantStates (TimeStamp, PlantState) VALUES ('20190109 23:47:50', 0)
INSERT INTO dbo.PlantStates (TimeStamp, PlantState) VALUES ('20190109 23:59:59', 2)
INSERT INTO dbo.PlantStateDuration (TimeStamp, OffDuration, OnRunningDuration, OnStoppedfDuration) VALUES ('20190109 23:59:59', '15:38:56', '05:20:39', '03:00:24')
INSERT INTO dbo.DailyProduction (TimeStamp, NumPieces, NumPiecesRejected) VALUES ('20190109 23:59:59', 999, 769.23)
INSERT INTO dbo.PlantStates (TimeStamp, PlantState) VALUES ('20190110 00:00:00', 1)
INSERT INTO dbo.PlantStates (TimeStamp, PlantState) VALUES ('20190110 00:57:01', 2)
INSERT INTO dbo.PlantStates (TimeStamp, PlantState) VALUES ('20190110 03:33:40', 0)
INSERT INTO dbo.PlantStates (TimeStamp, PlantState) VALUES ('20190110 06:22:42', 2)
INSERT INTO dbo.PlantStates (TimeStamp, PlantState) VALUES ('20190110 11:18:36', 1)
INSERT INTO dbo.PlantStates (TimeStamp, PlantState) VALUES ('20190110 23:59:59', 2)
INSERT INTO dbo.PlantStateDuration (TimeStamp, OffDuration, OnRunningDuration, OnStoppedfDuration) VALUES ('20190110 23:59:59', '02:36:39', '04:55:54', '16:27:26')
INSERT INTO dbo.DailyProduction (TimeStamp, NumPieces, NumPiecesRejected) VALUES ('20190110 23:59:59', 806, 362.7)
INSERT INTO dbo.PlantStates (TimeStamp, PlantState) VALUES ('20190111 00:00:00', 1)
INSERT INTO dbo.PlantStates (TimeStamp, PlantState) VALUES ('20190111 08:46:53', 2)
INSERT INTO dbo.PlantStates (TimeStamp, PlantState) VALUES ('20190111 18:07:33', 1)
INSERT INTO dbo.PlantStates (TimeStamp, PlantState) VALUES ('20190111 21:31:07', 0)
INSERT INTO dbo.PlantStates (TimeStamp, PlantState) VALUES ('20190111 22:53:18', 1)
INSERT INTO dbo.PlantStates (TimeStamp, PlantState) VALUES ('20190111 23:59:59', 2)
INSERT INTO dbo.PlantStateDuration (TimeStamp, OffDuration, OnRunningDuration, OnStoppedfDuration) VALUES ('20190111 23:59:59', '03:23:34', '10:42:51', '09:53:34')
INSERT INTO dbo.DailyProduction (TimeStamp, NumPieces, NumPiecesRejected) VALUES ('20190111 23:59:59', 801, 40.05)
INSERT INTO dbo.PlantStates (TimeStamp, PlantState) VALUES ('20190112 00:00:00', 1)
INSERT INTO dbo.PlantStates (TimeStamp, PlantState) VALUES ('20190112 14:30:57', 0)
INSERT INTO dbo.PlantStates (TimeStamp, PlantState) VALUES ('20190112 20:17:59', 1)
INSERT INTO dbo.PlantStates (TimeStamp, PlantState) VALUES ('20190112 21:40:04', 0)
INSERT INTO dbo.PlantStates (TimeStamp, PlantState) VALUES ('20190112 21:40:45', 2)
INSERT INTO dbo.PlantStates (TimeStamp, PlantState) VALUES ('20190112 23:59:59', 1)
INSERT INTO dbo.PlantStateDuration (TimeStamp, OffDuration, OnRunningDuration, OnStoppedfDuration) VALUES ('20190112 23:59:59', '15:53:02', '08:06:16', '00:00:41')
INSERT INTO dbo.DailyProduction (TimeStamp, NumPieces, NumPiecesRejected) VALUES ('20190112 23:59:59', 780, 351)
INSERT INTO dbo.PlantStates (TimeStamp, PlantState) VALUES ('20190113 00:00:00', 0)
INSERT INTO dbo.PlantStates (TimeStamp, PlantState) VALUES ('20190113 01:00:49', 2)
INSERT INTO dbo.PlantStates (TimeStamp, PlantState) VALUES ('20190113 01:33:56', 1)
INSERT INTO dbo.PlantStates (TimeStamp, PlantState) VALUES ('20190113 18:30:47', 0)
INSERT INTO dbo.PlantStates (TimeStamp, PlantState) VALUES ('20190113 23:12:26', 1)
INSERT INTO dbo.PlantStates (TimeStamp, PlantState) VALUES ('20190113 23:59:59', 2)
INSERT INTO dbo.PlantStateDuration (TimeStamp, OffDuration, OnRunningDuration, OnStoppedfDuration) VALUES ('20190113 23:59:59', '16:56:51', '05:14:46', '01:48:22')
INSERT INTO dbo.DailyProduction (TimeStamp, NumPieces, NumPiecesRejected) VALUES ('20190113 23:59:59', 479, 167.65)
INSERT INTO dbo.PlantStates (TimeStamp, PlantState) VALUES ('20190114 00:00:00', 0)
INSERT INTO dbo.PlantStates (TimeStamp, PlantState) VALUES ('20190114 07:18:22', 2)
INSERT INTO dbo.PlantStates (TimeStamp, PlantState) VALUES ('20190114 12:00:39', 1)
INSERT INTO dbo.PlantStates (TimeStamp, PlantState) VALUES ('20190114 20:09:08', 2)
INSERT INTO dbo.PlantStates (TimeStamp, PlantState) VALUES ('20190114 23:20:05', 0)
INSERT INTO dbo.PlantStates (TimeStamp, PlantState) VALUES ('20190114 23:59:59', 1)
INSERT INTO dbo.PlantStateDuration (TimeStamp, OffDuration, OnRunningDuration, OnStoppedfDuration) VALUES ('20190114 23:59:59', '03:10:57', '05:22:11', '15:26:51')
INSERT INTO dbo.DailyProduction (TimeStamp, NumPieces, NumPiecesRejected) VALUES ('20190114 23:59:59', 6, 0.54)
INSERT INTO dbo.PlantStates (TimeStamp, PlantState) VALUES ('20190115 00:00:00', 0)
INSERT INTO dbo.PlantStates (TimeStamp, PlantState) VALUES ('20190115 00:14:21', 1)
INSERT INTO dbo.PlantStates (TimeStamp, PlantState) VALUES ('20190115 00:14:55', 0)
INSERT INTO dbo.PlantStates (TimeStamp, PlantState) VALUES ('20190115 02:00:19', 2)
INSERT INTO dbo.PlantStates (TimeStamp, PlantState) VALUES ('20190115 13:30:52', 0)
INSERT INTO dbo.PlantStates (TimeStamp, PlantState) VALUES ('20190115 23:59:59', 1)
INSERT INTO dbo.PlantStateDuration (TimeStamp, OffDuration, OnRunningDuration, OnStoppedfDuration) VALUES ('20190115 23:59:59', '11:31:07', '10:43:28', '01:45:24')
INSERT INTO dbo.DailyProduction (TimeStamp, NumPieces, NumPiecesRejected) VALUES ('20190115 23:59:59', 675, 121.5)
INSERT INTO dbo.PlantStates (TimeStamp, PlantState) VALUES ('20190116 00:00:00', 2)
INSERT INTO dbo.PlantStates (TimeStamp, PlantState) VALUES ('20190116 12:08:48', 0)
INSERT INTO dbo.PlantStates (TimeStamp, PlantState) VALUES ('20190116 15:06:02', 2)
INSERT INTO dbo.PlantStates (TimeStamp, PlantState) VALUES ('20190116 23:46:26', 0)
INSERT INTO dbo.PlantStates (TimeStamp, PlantState) VALUES ('20190116 23:56:39', 2)
INSERT INTO dbo.PlantStates (TimeStamp, PlantState) VALUES ('20190116 23:59:59', 0)
INSERT INTO dbo.PlantStateDuration (TimeStamp, OffDuration, OnRunningDuration, OnStoppedfDuration) VALUES ('20190116 23:59:59', '20:52:32', '00:00:00', '03:07:27')
INSERT INTO dbo.DailyProduction (TimeStamp, NumPieces, NumPiecesRejected) VALUES ('20190116 23:59:59', 197, 133.96)
INSERT INTO dbo.PlantStates (TimeStamp, PlantState) VALUES ('20190117 00:00:00', 1)
INSERT INTO dbo.PlantStates (TimeStamp, PlantState) VALUES ('20190117 05:22:48', 0)
INSERT INTO dbo.PlantStates (TimeStamp, PlantState) VALUES ('20190117 10:53:05', 1)
INSERT INTO dbo.PlantStates (TimeStamp, PlantState) VALUES ('20190117 16:42:45', 0)
INSERT INTO dbo.PlantStates (TimeStamp, PlantState) VALUES ('20190117 17:01:55', 1)
INSERT INTO dbo.PlantStates (TimeStamp, PlantState) VALUES ('20190117 23:59:59', 0)
INSERT INTO dbo.PlantStateDuration (TimeStamp, OffDuration, OnRunningDuration, OnStoppedfDuration) VALUES ('20190117 23:59:59', '18:10:32', '05:49:27', '00:00:00')
INSERT INTO dbo.DailyProduction (TimeStamp, NumPieces, NumPiecesRejected) VALUES ('20190117 23:59:59', 447, 102.81)
INSERT INTO dbo.PlantStates (TimeStamp, PlantState) VALUES ('20190118 00:00:00', 1)
INSERT INTO dbo.PlantStates (TimeStamp, PlantState) VALUES ('20190118 03:10:30', 2)
INSERT INTO dbo.PlantStates (TimeStamp, PlantState) VALUES ('20190118 05:20:38', 1)
INSERT INTO dbo.PlantStates (TimeStamp, PlantState) VALUES ('20190118 11:06:03', 0)
INSERT INTO dbo.PlantStates (TimeStamp, PlantState) VALUES ('20190118 14:30:53', 1)
INSERT INTO dbo.PlantStates (TimeStamp, PlantState) VALUES ('20190118 23:59:59', 2)
INSERT INTO dbo.PlantStateDuration (TimeStamp, OffDuration, OnRunningDuration, OnStoppedfDuration) VALUES ('20190118 23:59:59', '05:45:25', '05:34:58', '12:39:36')
INSERT INTO dbo.DailyProduction (TimeStamp, NumPieces, NumPiecesRejected) VALUES ('20190118 23:59:59', 347, 274.13)
INSERT INTO dbo.PlantStates (TimeStamp, PlantState) VALUES ('20190119 00:00:00', 1)
INSERT INTO dbo.PlantStates (TimeStamp, PlantState) VALUES ('20190119 04:06:13', 0)
INSERT INTO dbo.PlantStates (TimeStamp, PlantState) VALUES ('20190119 12:50:46', 2)
INSERT INTO dbo.PlantStates (TimeStamp, PlantState) VALUES ('20190119 16:05:21', 0)
INSERT INTO dbo.PlantStates (TimeStamp, PlantState) VALUES ('20190119 20:46:09', 2)
INSERT INTO dbo.PlantStates (TimeStamp, PlantState) VALUES ('20190119 23:59:59', 0)
INSERT INTO dbo.PlantStateDuration (TimeStamp, OffDuration, OnRunningDuration, OnStoppedfDuration) VALUES ('20190119 23:59:59', '10:34:38', '00:00:00', '13:25:21')
INSERT INTO dbo.DailyProduction (TimeStamp, NumPieces, NumPiecesRejected) VALUES ('20190119 23:59:59', 744, 409.2)
INSERT INTO dbo.PlantStates (TimeStamp, PlantState) VALUES ('20190120 00:00:00', 1)
INSERT INTO dbo.PlantStates (TimeStamp, PlantState) VALUES ('20190120 01:23:52', 0)
INSERT INTO dbo.PlantStates (TimeStamp, PlantState) VALUES ('20190120 14:45:19', 1)
INSERT INTO dbo.PlantStates (TimeStamp, PlantState) VALUES ('20190120 23:42:11', 2)
INSERT INTO dbo.PlantStates (TimeStamp, PlantState) VALUES ('20190120 23:55:01', 1)
INSERT INTO dbo.PlantStates (TimeStamp, PlantState) VALUES ('20190120 23:59:59', 2)
INSERT INTO dbo.PlantStateDuration (TimeStamp, OffDuration, OnRunningDuration, OnStoppedfDuration) VALUES ('20190120 23:59:59', '01:23:52', '13:34:17', '09:01:50')
INSERT INTO dbo.DailyProduction (TimeStamp, NumPieces, NumPiecesRejected) VALUES ('20190120 23:59:59', 965, 839.55)
INSERT INTO dbo.PlantStates (TimeStamp, PlantState) VALUES ('20190121 00:00:00', 0)
INSERT INTO dbo.PlantStates (TimeStamp, PlantState) VALUES ('20190121 01:06:07', 1)
INSERT INTO dbo.PlantStates (TimeStamp, PlantState) VALUES ('20190121 09:27:30', 0)
INSERT INTO dbo.PlantStates (TimeStamp, PlantState) VALUES ('20190121 16:07:05', 2)
INSERT INTO dbo.PlantStates (TimeStamp, PlantState) VALUES ('20190121 18:23:56', 0)
INSERT INTO dbo.PlantStates (TimeStamp, PlantState) VALUES ('20190121 23:59:59', 1)
INSERT INTO dbo.PlantStateDuration (TimeStamp, OffDuration, OnRunningDuration, OnStoppedfDuration) VALUES ('20190121 23:59:59', '10:38:14', '06:42:10', '06:39:35')
INSERT INTO dbo.DailyProduction (TimeStamp, NumPieces, NumPiecesRejected) VALUES ('20190121 23:59:59', 716, 694.52)
INSERT INTO dbo.PlantStates (TimeStamp, PlantState) VALUES ('20190122 00:00:00', 2)
INSERT INTO dbo.PlantStates (TimeStamp, PlantState) VALUES ('20190122 02:49:58', 0)
INSERT INTO dbo.PlantStates (TimeStamp, PlantState) VALUES ('20190122 06:16:45', 2)
INSERT INTO dbo.PlantStates (TimeStamp, PlantState) VALUES ('20190122 07:43:22', 1)
INSERT INTO dbo.PlantStates (TimeStamp, PlantState) VALUES ('20190122 20:49:48', 2)
INSERT INTO dbo.PlantStates (TimeStamp, PlantState) VALUES ('20190122 23:59:59', 0)
INSERT INTO dbo.PlantStateDuration (TimeStamp, OffDuration, OnRunningDuration, OnStoppedfDuration) VALUES ('20190122 23:59:59', '06:00:09', '01:26:37', '16:33:13')
INSERT INTO dbo.DailyProduction (TimeStamp, NumPieces, NumPiecesRejected) VALUES ('20190122 23:59:59', 16, 5.92)
INSERT INTO dbo.PlantStates (TimeStamp, PlantState) VALUES ('20190123 00:00:00', 2)
INSERT INTO dbo.PlantStates (TimeStamp, PlantState) VALUES ('20190123 02:37:59', 1)
INSERT INTO dbo.PlantStates (TimeStamp, PlantState) VALUES ('20190123 08:38:16', 0)
INSERT INTO dbo.PlantStates (TimeStamp, PlantState) VALUES ('20190123 22:59:08', 1)
INSERT INTO dbo.PlantStates (TimeStamp, PlantState) VALUES ('20190123 23:51:21', 0)
INSERT INTO dbo.PlantStates (TimeStamp, PlantState) VALUES ('20190123 23:59:59', 1)
INSERT INTO dbo.PlantStateDuration (TimeStamp, OffDuration, OnRunningDuration, OnStoppedfDuration) VALUES ('20190123 23:59:59', '06:52:30', '17:07:29', '00:00:00')
INSERT INTO dbo.DailyProduction (TimeStamp, NumPieces, NumPiecesRejected) VALUES ('20190123 23:59:59', 302, 42.28)
INSERT INTO dbo.PlantStates (TimeStamp, PlantState) VALUES ('20190124 00:00:00', 2)
INSERT INTO dbo.PlantStates (TimeStamp, PlantState) VALUES ('20190124 02:21:43', 1)
INSERT INTO dbo.PlantStates (TimeStamp, PlantState) VALUES ('20190124 08:31:31', 2)
INSERT INTO dbo.PlantStates (TimeStamp, PlantState) VALUES ('20190124 10:05:38', 0)
INSERT INTO dbo.PlantStates (TimeStamp, PlantState) VALUES ('20190124 18:48:20', 1)
INSERT INTO dbo.PlantStates (TimeStamp, PlantState) VALUES ('20190124 23:59:59', 0)
INSERT INTO dbo.PlantStateDuration (TimeStamp, OffDuration, OnRunningDuration, OnStoppedfDuration) VALUES ('20190124 23:59:59', '06:45:46', '11:04:25', '06:09:48')
INSERT INTO dbo.DailyProduction (TimeStamp, NumPieces, NumPiecesRejected) VALUES ('20190124 23:59:59', 74, 37)
INSERT INTO dbo.PlantStates (TimeStamp, PlantState) VALUES ('20190125 00:00:00', 1)
INSERT INTO dbo.PlantStates (TimeStamp, PlantState) VALUES ('20190125 06:33:31', 2)
INSERT INTO dbo.PlantStates (TimeStamp, PlantState) VALUES ('20190125 23:27:54', 1)
INSERT INTO dbo.PlantStates (TimeStamp, PlantState) VALUES ('20190125 23:53:00', 0)
INSERT INTO dbo.PlantStates (TimeStamp, PlantState) VALUES ('20190125 23:59:37', 1)
INSERT INTO dbo.PlantStates (TimeStamp, PlantState) VALUES ('20190125 23:59:59', 0)
INSERT INTO dbo.PlantStateDuration (TimeStamp, OffDuration, OnRunningDuration, OnStoppedfDuration) VALUES ('20190125 23:59:59', '00:25:28', '17:01:00', '06:33:31')
INSERT INTO dbo.DailyProduction (TimeStamp, NumPieces, NumPiecesRejected) VALUES ('20190125 23:59:59', 131, 10.48)
INSERT INTO dbo.PlantStates (TimeStamp, PlantState) VALUES ('20190126 00:00:00', 2)
INSERT INTO dbo.PlantStates (TimeStamp, PlantState) VALUES ('20190126 05:41:14', 1)
INSERT INTO dbo.PlantStates (TimeStamp, PlantState) VALUES ('20190126 17:42:06', 2)
INSERT INTO dbo.PlantStates (TimeStamp, PlantState) VALUES ('20190126 22:44:46', 1)
INSERT INTO dbo.PlantStates (TimeStamp, PlantState) VALUES ('20190126 23:14:53', 2)
INSERT INTO dbo.PlantStates (TimeStamp, PlantState) VALUES ('20190126 23:59:59', 1)
INSERT INTO dbo.PlantStateDuration (TimeStamp, OffDuration, OnRunningDuration, OnStoppedfDuration) VALUES ('20190126 23:59:59', '00:00:00', '11:29:00', '12:30:59')
INSERT INTO dbo.DailyProduction (TimeStamp, NumPieces, NumPiecesRejected) VALUES ('20190126 23:59:59', 92, 17.48)
INSERT INTO dbo.PlantStates (TimeStamp, PlantState) VALUES ('20190127 00:00:00', 2)
INSERT INTO dbo.PlantStates (TimeStamp, PlantState) VALUES ('20190127 06:43:26', 0)
INSERT INTO dbo.PlantStates (TimeStamp, PlantState) VALUES ('20190127 09:36:02', 1)
INSERT INTO dbo.PlantStates (TimeStamp, PlantState) VALUES ('20190127 23:46:01', 0)
INSERT INTO dbo.PlantStates (TimeStamp, PlantState) VALUES ('20190127 23:48:59', 2)
INSERT INTO dbo.PlantStates (TimeStamp, PlantState) VALUES ('20190127 23:59:59', 0)
INSERT INTO dbo.PlantStateDuration (TimeStamp, OffDuration, OnRunningDuration, OnStoppedfDuration) VALUES ('20190127 23:59:59', '21:04:25', '02:52:36', '00:02:58')
INSERT INTO dbo.DailyProduction (TimeStamp, NumPieces, NumPiecesRejected) VALUES ('20190127 23:59:59', 471, 339.12)
INSERT INTO dbo.PlantStates (TimeStamp, PlantState) VALUES ('20190128 00:00:00', 2)
INSERT INTO dbo.PlantStates (TimeStamp, PlantState) VALUES ('20190128 09:10:09', 1)
INSERT INTO dbo.PlantStates (TimeStamp, PlantState) VALUES ('20190128 09:24:54', 2)
INSERT INTO dbo.PlantStates (TimeStamp, PlantState) VALUES ('20190128 18:25:53', 0)
INSERT INTO dbo.PlantStates (TimeStamp, PlantState) VALUES ('20190128 19:03:39', 1)
INSERT INTO dbo.PlantStates (TimeStamp, PlantState) VALUES ('20190128 23:59:59', 0)
INSERT INTO dbo.PlantStateDuration (TimeStamp, OffDuration, OnRunningDuration, OnStoppedfDuration) VALUES ('20190128 23:59:59', '13:57:19', '09:47:55', '00:14:45')
INSERT INTO dbo.DailyProduction (TimeStamp, NumPieces, NumPiecesRejected) VALUES ('20190128 23:59:59', 160, 134.4)
INSERT INTO dbo.PlantStates (TimeStamp, PlantState) VALUES ('20190129 00:00:00', 1)
INSERT INTO dbo.PlantStates (TimeStamp, PlantState) VALUES ('20190129 02:04:17', 0)
INSERT INTO dbo.PlantStates (TimeStamp, PlantState) VALUES ('20190129 16:24:24', 2)
INSERT INTO dbo.PlantStates (TimeStamp, PlantState) VALUES ('20190129 23:16:54', 0)
INSERT INTO dbo.PlantStates (TimeStamp, PlantState) VALUES ('20190129 23:23:44', 2)
INSERT INTO dbo.PlantStates (TimeStamp, PlantState) VALUES ('20190129 23:59:59', 1)
INSERT INTO dbo.PlantStateDuration (TimeStamp, OffDuration, OnRunningDuration, OnStoppedfDuration) VALUES ('20190129 23:59:59', '08:56:47', '00:36:15', '14:26:57')
INSERT INTO dbo.DailyProduction (TimeStamp, NumPieces, NumPiecesRejected) VALUES ('20190129 23:59:59', 628, 106.76)
INSERT INTO dbo.PlantStates (TimeStamp, PlantState) VALUES ('20190130 00:00:00', 0)
INSERT INTO dbo.PlantStates (TimeStamp, PlantState) VALUES ('20190130 13:09:42', 1)
INSERT INTO dbo.PlantStates (TimeStamp, PlantState) VALUES ('20190130 15:25:28', 0)
INSERT INTO dbo.PlantStates (TimeStamp, PlantState) VALUES ('20190130 17:27:32', 1)
INSERT INTO dbo.PlantStates (TimeStamp, PlantState) VALUES ('20190130 22:01:35', 0)
INSERT INTO dbo.PlantStates (TimeStamp, PlantState) VALUES ('20190130 23:59:59', 1)
INSERT INTO dbo.PlantStateDuration (TimeStamp, OffDuration, OnRunningDuration, OnStoppedfDuration) VALUES ('20190130 23:59:59', '06:49:49', '17:10:10', '00:00:00')
INSERT INTO dbo.DailyProduction (TimeStamp, NumPieces, NumPiecesRejected) VALUES ('20190130 23:59:59', 851, 323.38)
INSERT INTO dbo.PlantStates (TimeStamp, PlantState) VALUES ('20190131 00:00:00', 0)
INSERT INTO dbo.PlantStates (TimeStamp, PlantState) VALUES ('20190131 06:42:50', 2)
INSERT INTO dbo.PlantStates (TimeStamp, PlantState) VALUES ('20190131 14:52:16', 1)
INSERT INTO dbo.PlantStates (TimeStamp, PlantState) VALUES ('20190131 21:20:32', 2)
INSERT INTO dbo.PlantStates (TimeStamp, PlantState) VALUES ('20190131 21:34:08', 1)
INSERT INTO dbo.PlantStates (TimeStamp, PlantState) VALUES ('20190131 23:59:59', 2)
INSERT INTO dbo.PlantStateDuration (TimeStamp, OffDuration, OnRunningDuration, OnStoppedfDuration) VALUES ('20190131 23:59:59', '00:00:00', '08:23:02', '15:36:57')
INSERT INTO dbo.DailyProduction (TimeStamp, NumPieces, NumPiecesRejected) VALUES ('20190131 23:59:59', 640, 76.8)
INSERT INTO dbo.PlantStates (TimeStamp, PlantState) VALUES ('20190201 00:00:00', 1)
INSERT INTO dbo.PlantStates (TimeStamp, PlantState) VALUES ('20190201 14:01:44', 2)
INSERT INTO dbo.PlantStates (TimeStamp, PlantState) VALUES ('20190201 14:57:53', 1)
INSERT INTO dbo.PlantStates (TimeStamp, PlantState) VALUES ('20190201 19:48:25', 2)
INSERT INTO dbo.PlantStates (TimeStamp, PlantState) VALUES ('20190201 21:20:39', 0)
INSERT INTO dbo.PlantStates (TimeStamp, PlantState) VALUES ('20190201 23:59:59', 2)
INSERT INTO dbo.PlantStateDuration (TimeStamp, OffDuration, OnRunningDuration, OnStoppedfDuration) VALUES ('20190201 23:59:59', '01:32:14', '00:56:09', '21:31:36')
INSERT INTO dbo.DailyProduction (TimeStamp, NumPieces, NumPiecesRejected) VALUES ('20190201 23:59:59', 349, 181.48)
INSERT INTO dbo.PlantStates (TimeStamp, PlantState) VALUES ('20190202 00:00:00', 1)
INSERT INTO dbo.PlantStates (TimeStamp, PlantState) VALUES ('20190202 02:18:11', 0)
INSERT INTO dbo.PlantStates (TimeStamp, PlantState) VALUES ('20190202 20:18:23', 1)
INSERT INTO dbo.PlantStates (TimeStamp, PlantState) VALUES ('20190202 20:58:35', 2)
INSERT INTO dbo.PlantStates (TimeStamp, PlantState) VALUES ('20190202 22:33:30', 0)
INSERT INTO dbo.PlantStates (TimeStamp, PlantState) VALUES ('20190202 23:59:59', 1)
INSERT INTO dbo.PlantStateDuration (TimeStamp, OffDuration, OnRunningDuration, OnStoppedfDuration) VALUES ('20190202 23:59:59', '03:53:06', '19:26:41', '00:40:12')
INSERT INTO dbo.DailyProduction (TimeStamp, NumPieces, NumPiecesRejected) VALUES ('20190202 23:59:59', 479, 14.37)
INSERT INTO dbo.PlantStates (TimeStamp, PlantState) VALUES ('20190203 00:00:00', 0)
INSERT INTO dbo.PlantStates (TimeStamp, PlantState) VALUES ('20190203 18:18:03', 2)
INSERT INTO dbo.PlantStates (TimeStamp, PlantState) VALUES ('20190203 20:10:44', 1)
INSERT INTO dbo.PlantStates (TimeStamp, PlantState) VALUES ('20190203 21:00:37', 2)
INSERT INTO dbo.PlantStates (TimeStamp, PlantState) VALUES ('20190203 22:44:57', 0)
INSERT INTO dbo.PlantStates (TimeStamp, PlantState) VALUES ('20190203 23:59:59', 2)
INSERT INTO dbo.PlantStateDuration (TimeStamp, OffDuration, OnRunningDuration, OnStoppedfDuration) VALUES ('20190203 23:59:59', '01:44:20', '01:52:41', '20:22:58')
INSERT INTO dbo.DailyProduction (TimeStamp, NumPieces, NumPiecesRejected) VALUES ('20190203 23:59:59', 130, 53.3)
INSERT INTO dbo.PlantStates (TimeStamp, PlantState) VALUES ('20190204 00:00:00', 0)
INSERT INTO dbo.PlantStates (TimeStamp, PlantState) VALUES ('20190204 02:51:11', 2)
INSERT INTO dbo.PlantStates (TimeStamp, PlantState) VALUES ('20190204 13:23:58', 0)
INSERT INTO dbo.PlantStates (TimeStamp, PlantState) VALUES ('20190204 13:52:39', 2)
INSERT INTO dbo.PlantStates (TimeStamp, PlantState) VALUES ('20190204 16:37:36', 1)
INSERT INTO dbo.PlantStates (TimeStamp, PlantState) VALUES ('20190204 23:59:59', 2)
INSERT INTO dbo.PlantStateDuration (TimeStamp, OffDuration, OnRunningDuration, OnStoppedfDuration) VALUES ('20190204 23:59:59', '10:32:47', '02:44:57', '10:42:15')
INSERT INTO dbo.DailyProduction (TimeStamp, NumPieces, NumPiecesRejected) VALUES ('20190204 23:59:59', 973, 291.9)
INSERT INTO dbo.PlantStates (TimeStamp, PlantState) VALUES ('20190205 00:00:00', 1)
INSERT INTO dbo.PlantStates (TimeStamp, PlantState) VALUES ('20190205 00:55:19', 2)
INSERT INTO dbo.PlantStates (TimeStamp, PlantState) VALUES ('20190205 12:00:04', 1)
INSERT INTO dbo.PlantStates (TimeStamp, PlantState) VALUES ('20190205 13:27:03', 0)
INSERT INTO dbo.PlantStates (TimeStamp, PlantState) VALUES ('20190205 15:07:03', 1)
INSERT INTO dbo.PlantStates (TimeStamp, PlantState) VALUES ('20190205 23:59:59', 0)
INSERT INTO dbo.PlantStateDuration (TimeStamp, OffDuration, OnRunningDuration, OnStoppedfDuration) VALUES ('20190205 23:59:59', '10:19:55', '12:44:45', '00:55:19')
INSERT INTO dbo.DailyProduction (TimeStamp, NumPieces, NumPiecesRejected) VALUES ('20190205 23:59:59', 261, 232.29)
INSERT INTO dbo.PlantStates (TimeStamp, PlantState) VALUES ('20190206 00:00:00', 1)
INSERT INTO dbo.PlantStates (TimeStamp, PlantState) VALUES ('20190206 03:54:31', 0)
INSERT INTO dbo.PlantStates (TimeStamp, PlantState) VALUES ('20190206 05:15:38', 2)
INSERT INTO dbo.PlantStates (TimeStamp, PlantState) VALUES ('20190206 11:59:57', 0)
INSERT INTO dbo.PlantStates (TimeStamp, PlantState) VALUES ('20190206 13:20:04', 2)
INSERT INTO dbo.PlantStates (TimeStamp, PlantState) VALUES ('20190206 23:59:59', 1)
INSERT INTO dbo.PlantStateDuration (TimeStamp, OffDuration, OnRunningDuration, OnStoppedfDuration) VALUES ('20190206 23:59:59', '10:38:50', '10:39:55', '02:41:14')
INSERT INTO dbo.DailyProduction (TimeStamp, NumPieces, NumPiecesRejected) VALUES ('20190206 23:59:59', 644, 38.64)
INSERT INTO dbo.PlantStates (TimeStamp, PlantState) VALUES ('20190207 00:00:00', 0)
INSERT INTO dbo.PlantStates (TimeStamp, PlantState) VALUES ('20190207 08:16:00', 2)
INSERT INTO dbo.PlantStates (TimeStamp, PlantState) VALUES ('20190207 19:55:43', 0)
INSERT INTO dbo.PlantStates (TimeStamp, PlantState) VALUES ('20190207 20:02:31', 2)
INSERT INTO dbo.PlantStates (TimeStamp, PlantState) VALUES ('20190207 20:47:33', 1)
INSERT INTO dbo.PlantStates (TimeStamp, PlantState) VALUES ('20190207 23:59:59', 0)
INSERT INTO dbo.PlantStateDuration (TimeStamp, OffDuration, OnRunningDuration, OnStoppedfDuration) VALUES ('20190207 23:59:59', '14:52:09', '00:45:02', '08:22:48')
INSERT INTO dbo.DailyProduction (TimeStamp, NumPieces, NumPiecesRejected) VALUES ('20190207 23:59:59', 322, 222.18)
INSERT INTO dbo.PlantStates (TimeStamp, PlantState) VALUES ('20190208 00:00:00', 1)
INSERT INTO dbo.PlantStates (TimeStamp, PlantState) VALUES ('20190208 15:40:22', 2)
INSERT INTO dbo.PlantStates (TimeStamp, PlantState) VALUES ('20190208 18:33:00', 0)
INSERT INTO dbo.PlantStates (TimeStamp, PlantState) VALUES ('20190208 20:01:52', 1)
INSERT INTO dbo.PlantStates (TimeStamp, PlantState) VALUES ('20190208 21:36:00', 2)
INSERT INTO dbo.PlantStates (TimeStamp, PlantState) VALUES ('20190208 23:59:59', 1)
INSERT INTO dbo.PlantStateDuration (TimeStamp, OffDuration, OnRunningDuration, OnStoppedfDuration) VALUES ('20190208 23:59:59', '02:52:38', '03:52:51', '17:14:30')
INSERT INTO dbo.DailyProduction (TimeStamp, NumPieces, NumPiecesRejected) VALUES ('20190208 23:59:59', 865, 259.5)
INSERT INTO dbo.PlantStates (TimeStamp, PlantState) VALUES ('20190209 00:00:00', 2)
INSERT INTO dbo.PlantStates (TimeStamp, PlantState) VALUES ('20190209 05:30:23', 1)
INSERT INTO dbo.PlantStates (TimeStamp, PlantState) VALUES ('20190209 05:58:18', 0)
INSERT INTO dbo.PlantStates (TimeStamp, PlantState) VALUES ('20190209 17:50:00', 2)
INSERT INTO dbo.PlantStates (TimeStamp, PlantState) VALUES ('20190209 20:31:45', 0)
INSERT INTO dbo.PlantStates (TimeStamp, PlantState) VALUES ('20190209 23:59:59', 1)
INSERT INTO dbo.PlantStateDuration (TimeStamp, OffDuration, OnRunningDuration, OnStoppedfDuration) VALUES ('20190209 23:59:59', '03:09:40', '08:58:37', '11:51:42')
INSERT INTO dbo.DailyProduction (TimeStamp, NumPieces, NumPiecesRejected) VALUES ('20190209 23:59:59', 296, 26.64)
INSERT INTO dbo.PlantStates (TimeStamp, PlantState) VALUES ('20190210 00:00:00', 0)
INSERT INTO dbo.PlantStates (TimeStamp, PlantState) VALUES ('20190210 07:14:51', 2)
INSERT INTO dbo.PlantStates (TimeStamp, PlantState) VALUES ('20190210 10:07:37', 0)
INSERT INTO dbo.PlantStates (TimeStamp, PlantState) VALUES ('20190210 12:21:47', 1)
INSERT INTO dbo.PlantStates (TimeStamp, PlantState) VALUES ('20190210 15:05:23', 2)
INSERT INTO dbo.PlantStates (TimeStamp, PlantState) VALUES ('20190210 23:59:59', 0)
INSERT INTO dbo.PlantStateDuration (TimeStamp, OffDuration, OnRunningDuration, OnStoppedfDuration) VALUES ('20190210 23:59:59', '11:47:22', '02:14:10', '09:58:27')
INSERT INTO dbo.DailyProduction (TimeStamp, NumPieces, NumPiecesRejected) VALUES ('20190210 23:59:59', 518, 352.24)
INSERT INTO dbo.PlantStates (TimeStamp, PlantState) VALUES ('20190211 00:00:00', 2)
INSERT INTO dbo.PlantStates (TimeStamp, PlantState) VALUES ('20190211 01:10:12', 1)
INSERT INTO dbo.PlantStates (TimeStamp, PlantState) VALUES ('20190211 02:01:55', 2)
INSERT INTO dbo.PlantStates (TimeStamp, PlantState) VALUES ('20190211 15:50:01', 1)
INSERT INTO dbo.PlantStates (TimeStamp, PlantState) VALUES ('20190211 17:49:22', 0)
INSERT INTO dbo.PlantStates (TimeStamp, PlantState) VALUES ('20190211 23:59:59', 2)
INSERT INTO dbo.PlantStateDuration (TimeStamp, OffDuration, OnRunningDuration, OnStoppedfDuration) VALUES ('20190211 23:59:59', '01:59:21', '14:58:18', '07:02:20')
INSERT INTO dbo.DailyProduction (TimeStamp, NumPieces, NumPiecesRejected) VALUES ('20190211 23:59:59', 180, 91.8)
INSERT INTO dbo.PlantStates (TimeStamp, PlantState) VALUES ('20190212 00:00:00', 1)
INSERT INTO dbo.PlantStates (TimeStamp, PlantState) VALUES ('20190212 09:43:04', 2)
INSERT INTO dbo.PlantStates (TimeStamp, PlantState) VALUES ('20190212 18:22:07', 0)
INSERT INTO dbo.PlantStates (TimeStamp, PlantState) VALUES ('20190212 19:48:01', 1)
INSERT INTO dbo.PlantStates (TimeStamp, PlantState) VALUES ('20190212 21:17:18', 0)
INSERT INTO dbo.PlantStates (TimeStamp, PlantState) VALUES ('20190212 23:59:59', 2)
INSERT INTO dbo.PlantStateDuration (TimeStamp, OffDuration, OnRunningDuration, OnStoppedfDuration) VALUES ('20190212 23:59:59', '10:08:20', '01:25:54', '12:25:45')
INSERT INTO dbo.DailyProduction (TimeStamp, NumPieces, NumPiecesRejected) VALUES ('20190212 23:59:59', 736, 632.96)
INSERT INTO dbo.PlantStates (TimeStamp, PlantState) VALUES ('20190213 00:00:00', 1)
INSERT INTO dbo.PlantStates (TimeStamp, PlantState) VALUES ('20190213 01:09:54', 2)
INSERT INTO dbo.PlantStates (TimeStamp, PlantState) VALUES ('20190213 02:50:03', 0)
INSERT INTO dbo.PlantStates (TimeStamp, PlantState) VALUES ('20190213 07:26:47', 1)
INSERT INTO dbo.PlantStates (TimeStamp, PlantState) VALUES ('20190213 15:10:49', 0)
INSERT INTO dbo.PlantStates (TimeStamp, PlantState) VALUES ('20190213 23:59:59', 2)
INSERT INTO dbo.PlantStateDuration (TimeStamp, OffDuration, OnRunningDuration, OnStoppedfDuration) VALUES ('20190213 23:59:59', '09:24:11', '04:36:44', '09:59:04')
INSERT INTO dbo.DailyProduction (TimeStamp, NumPieces, NumPiecesRejected) VALUES ('20190213 23:59:59', 778, 217.84)
INSERT INTO dbo.PlantStates (TimeStamp, PlantState) VALUES ('20190214 00:00:00', 0)
INSERT INTO dbo.PlantStates (TimeStamp, PlantState) VALUES ('20190214 00:00:07', 1)
INSERT INTO dbo.PlantStates (TimeStamp, PlantState) VALUES ('20190214 00:00:09', 2)
INSERT INTO dbo.PlantStates (TimeStamp, PlantState) VALUES ('20190214 16:00:39', 0)
INSERT INTO dbo.PlantStates (TimeStamp, PlantState) VALUES ('20190214 20:32:12', 2)
INSERT INTO dbo.PlantStates (TimeStamp, PlantState) VALUES ('20190214 23:59:59', 1)
INSERT INTO dbo.PlantStateDuration (TimeStamp, OffDuration, OnRunningDuration, OnStoppedfDuration) VALUES ('20190214 23:59:59', '16:00:30', '03:27:54', '04:31:35')
INSERT INTO dbo.DailyProduction (TimeStamp, NumPieces, NumPiecesRejected) VALUES ('20190214 23:59:59', 188, 116.56)
INSERT INTO dbo.PlantStates (TimeStamp, PlantState) VALUES ('20190215 00:00:00', 2)
INSERT INTO dbo.PlantStates (TimeStamp, PlantState) VALUES ('20190215 09:20:01', 0)
INSERT INTO dbo.PlantStates (TimeStamp, PlantState) VALUES ('20190215 17:06:29', 1)
INSERT INTO dbo.PlantStates (TimeStamp, PlantState) VALUES ('20190215 21:43:57', 2)
INSERT INTO dbo.PlantStates (TimeStamp, PlantState) VALUES ('20190215 22:02:14', 0)
INSERT INTO dbo.PlantStates (TimeStamp, PlantState) VALUES ('20190215 23:59:59', 1)
INSERT INTO dbo.PlantStateDuration (TimeStamp, OffDuration, OnRunningDuration, OnStoppedfDuration) VALUES ('20190215 23:59:59', '09:38:18', '09:44:13', '04:37:28')
INSERT INTO dbo.DailyProduction (TimeStamp, NumPieces, NumPiecesRejected) VALUES ('20190215 23:59:59', 518, 82.88)
INSERT INTO dbo.PlantStates (TimeStamp, PlantState) VALUES ('20190216 00:00:00', 0)
INSERT INTO dbo.PlantStates (TimeStamp, PlantState) VALUES ('20190216 09:51:38', 2)
INSERT INTO dbo.PlantStates (TimeStamp, PlantState) VALUES ('20190216 14:21:03', 1)
INSERT INTO dbo.PlantStates (TimeStamp, PlantState) VALUES ('20190216 16:46:50', 0)
INSERT INTO dbo.PlantStates (TimeStamp, PlantState) VALUES ('20190216 19:54:52', 2)
INSERT INTO dbo.PlantStates (TimeStamp, PlantState) VALUES ('20190216 23:59:59', 1)
INSERT INTO dbo.PlantStateDuration (TimeStamp, OffDuration, OnRunningDuration, OnStoppedfDuration) VALUES ('20190216 23:59:59', '02:25:47', '08:34:32', '12:59:40')
INSERT INTO dbo.DailyProduction (TimeStamp, NumPieces, NumPiecesRejected) VALUES ('20190216 23:59:59', 708, 269.04)
INSERT INTO dbo.PlantStates (TimeStamp, PlantState) VALUES ('20190217 00:00:00', 0)
INSERT INTO dbo.PlantStates (TimeStamp, PlantState) VALUES ('20190217 00:04:39', 1)
INSERT INTO dbo.PlantStates (TimeStamp, PlantState) VALUES ('20190217 00:37:50', 0)
INSERT INTO dbo.PlantStates (TimeStamp, PlantState) VALUES ('20190217 22:46:06', 2)
INSERT INTO dbo.PlantStates (TimeStamp, PlantState) VALUES ('20190217 23:58:41', 0)
INSERT INTO dbo.PlantStates (TimeStamp, PlantState) VALUES ('20190217 23:59:59', 1)
INSERT INTO dbo.PlantStateDuration (TimeStamp, OffDuration, OnRunningDuration, OnStoppedfDuration) VALUES ('20190217 23:59:59', '01:45:46', '00:05:57', '22:08:16')
INSERT INTO dbo.DailyProduction (TimeStamp, NumPieces, NumPiecesRejected) VALUES ('20190217 23:59:59', 137, 2.74)
INSERT INTO dbo.PlantStates (TimeStamp, PlantState) VALUES ('20190218 00:00:00', 0)
INSERT INTO dbo.PlantStates (TimeStamp, PlantState) VALUES ('20190218 00:44:31', 1)
INSERT INTO dbo.PlantStates (TimeStamp, PlantState) VALUES ('20190218 10:10:21', 2)
INSERT INTO dbo.PlantStates (TimeStamp, PlantState) VALUES ('20190218 12:00:15', 1)
INSERT INTO dbo.PlantStates (TimeStamp, PlantState) VALUES ('20190218 17:58:18', 0)
INSERT INTO dbo.PlantStates (TimeStamp, PlantState) VALUES ('20190218 23:59:59', 1)
INSERT INTO dbo.PlantStateDuration (TimeStamp, OffDuration, OnRunningDuration, OnStoppedfDuration) VALUES ('20190218 23:59:59', '05:58:03', '08:36:06', '09:25:50')
INSERT INTO dbo.DailyProduction (TimeStamp, NumPieces, NumPiecesRejected) VALUES ('20190218 23:59:59', 148, 102.12)
INSERT INTO dbo.PlantStates (TimeStamp, PlantState) VALUES ('20190219 00:00:00', 0)
INSERT INTO dbo.PlantStates (TimeStamp, PlantState) VALUES ('20190219 03:34:21', 1)
INSERT INTO dbo.PlantStates (TimeStamp, PlantState) VALUES ('20190219 08:02:54', 0)
INSERT INTO dbo.PlantStates (TimeStamp, PlantState) VALUES ('20190219 13:00:06', 2)
INSERT INTO dbo.PlantStates (TimeStamp, PlantState) VALUES ('20190219 19:30:56', 1)
INSERT INTO dbo.PlantStates (TimeStamp, PlantState) VALUES ('20190219 23:59:59', 0)
INSERT INTO dbo.PlantStateDuration (TimeStamp, OffDuration, OnRunningDuration, OnStoppedfDuration) VALUES ('20190219 23:59:59', '08:57:36', '10:05:11', '04:57:12')
INSERT INTO dbo.DailyProduction (TimeStamp, NumPieces, NumPiecesRejected) VALUES ('20190219 23:59:59', 989, 138.46)
INSERT INTO dbo.PlantStates (TimeStamp, PlantState) VALUES ('20190220 00:00:00', 2)
INSERT INTO dbo.PlantStates (TimeStamp, PlantState) VALUES ('20190220 10:25:53', 1)
INSERT INTO dbo.PlantStates (TimeStamp, PlantState) VALUES ('20190220 15:51:41', 2)
INSERT INTO dbo.PlantStates (TimeStamp, PlantState) VALUES ('20190220 17:49:21', 1)
INSERT INTO dbo.PlantStates (TimeStamp, PlantState) VALUES ('20190220 22:34:08', 2)
INSERT INTO dbo.PlantStates (TimeStamp, PlantState) VALUES ('20190220 23:59:59', 0)
INSERT INTO dbo.PlantStateDuration (TimeStamp, OffDuration, OnRunningDuration, OnStoppedfDuration) VALUES ('20190220 23:59:59', '01:25:51', '12:23:33', '10:10:35')
INSERT INTO dbo.DailyProduction (TimeStamp, NumPieces, NumPiecesRejected) VALUES ('20190220 23:59:59', 892, 490.6)
INSERT INTO dbo.PlantStates (TimeStamp, PlantState) VALUES ('20190221 00:00:00', 2)
INSERT INTO dbo.PlantStates (TimeStamp, PlantState) VALUES ('20190221 01:41:15', 1)
INSERT INTO dbo.PlantStates (TimeStamp, PlantState) VALUES ('20190221 01:48:29', 2)
INSERT INTO dbo.PlantStates (TimeStamp, PlantState) VALUES ('20190221 02:15:47', 0)
INSERT INTO dbo.PlantStates (TimeStamp, PlantState) VALUES ('20190221 05:48:38', 2)
INSERT INTO dbo.PlantStates (TimeStamp, PlantState) VALUES ('20190221 23:59:59', 0)
INSERT INTO dbo.PlantStateDuration (TimeStamp, OffDuration, OnRunningDuration, OnStoppedfDuration) VALUES ('20190221 23:59:59', '18:38:39', '01:41:15', '03:40:05')
INSERT INTO dbo.DailyProduction (TimeStamp, NumPieces, NumPiecesRejected) VALUES ('20190221 23:59:59', 724, 644.36)
INSERT INTO dbo.PlantStates (TimeStamp, PlantState) VALUES ('20190222 00:00:00', 2)
INSERT INTO dbo.PlantStates (TimeStamp, PlantState) VALUES ('20190222 11:18:29', 1)
INSERT INTO dbo.PlantStates (TimeStamp, PlantState) VALUES ('20190222 11:46:13', 2)
INSERT INTO dbo.PlantStates (TimeStamp, PlantState) VALUES ('20190222 11:58:54', 1)
INSERT INTO dbo.PlantStates (TimeStamp, PlantState) VALUES ('20190222 21:05:58', 0)
INSERT INTO dbo.PlantStates (TimeStamp, PlantState) VALUES ('20190222 23:59:59', 1)
INSERT INTO dbo.PlantStateDuration (TimeStamp, OffDuration, OnRunningDuration, OnStoppedfDuration) VALUES ('20190222 23:59:59', '09:07:04', '14:25:11', '00:27:44')
INSERT INTO dbo.DailyProduction (TimeStamp, NumPieces, NumPiecesRejected) VALUES ('20190222 23:59:59', 43, 38.7)
INSERT INTO dbo.PlantStates (TimeStamp, PlantState) VALUES ('20190223 00:00:00', 0)
INSERT INTO dbo.PlantStates (TimeStamp, PlantState) VALUES ('20190223 06:33:22', 1)
INSERT INTO dbo.PlantStates (TimeStamp, PlantState) VALUES ('20190223 15:52:30', 2)
INSERT INTO dbo.PlantStates (TimeStamp, PlantState) VALUES ('20190223 21:52:15', 0)
INSERT INTO dbo.PlantStates (TimeStamp, PlantState) VALUES ('20190223 22:57:18', 1)
INSERT INTO dbo.PlantStates (TimeStamp, PlantState) VALUES ('20190223 23:59:59', 2)
INSERT INTO dbo.PlantStateDuration (TimeStamp, OffDuration, OnRunningDuration, OnStoppedfDuration) VALUES ('20190223 23:59:59', '05:59:45', '07:38:25', '10:21:49')
INSERT INTO dbo.DailyProduction (TimeStamp, NumPieces, NumPiecesRejected) VALUES ('20190223 23:59:59', 916, 329.76)
INSERT INTO dbo.PlantStates (TimeStamp, PlantState) VALUES ('20190224 00:00:00', 1)
INSERT INTO dbo.PlantStates (TimeStamp, PlantState) VALUES ('20190224 01:01:44', 0)
INSERT INTO dbo.PlantStates (TimeStamp, PlantState) VALUES ('20190224 05:12:28', 2)
INSERT INTO dbo.PlantStates (TimeStamp, PlantState) VALUES ('20190224 11:08:07', 0)
INSERT INTO dbo.PlantStates (TimeStamp, PlantState) VALUES ('20190224 20:12:24', 1)
INSERT INTO dbo.PlantStates (TimeStamp, PlantState) VALUES ('20190224 23:59:59', 2)
INSERT INTO dbo.PlantStateDuration (TimeStamp, OffDuration, OnRunningDuration, OnStoppedfDuration) VALUES ('20190224 23:59:59', '06:57:23', '09:04:17', '07:58:19')
INSERT INTO dbo.DailyProduction (TimeStamp, NumPieces, NumPiecesRejected) VALUES ('20190224 23:59:59', 170, 168.3)
INSERT INTO dbo.PlantStates (TimeStamp, PlantState) VALUES ('20190225 00:00:00', 1)
INSERT INTO dbo.PlantStates (TimeStamp, PlantState) VALUES ('20190225 02:09:23', 2)
INSERT INTO dbo.PlantStates (TimeStamp, PlantState) VALUES ('20190225 02:17:37', 1)
INSERT INTO dbo.PlantStates (TimeStamp, PlantState) VALUES ('20190225 19:37:03', 0)
INSERT INTO dbo.PlantStates (TimeStamp, PlantState) VALUES ('20190225 22:28:07', 2)
INSERT INTO dbo.PlantStates (TimeStamp, PlantState) VALUES ('20190225 23:59:59', 0)
INSERT INTO dbo.PlantStateDuration (TimeStamp, OffDuration, OnRunningDuration, OnStoppedfDuration) VALUES ('20190225 23:59:59', '18:51:18', '00:08:14', '05:00:27')
INSERT INTO dbo.DailyProduction (TimeStamp, NumPieces, NumPiecesRejected) VALUES ('20190225 23:59:59', 411, 131.52)
INSERT INTO dbo.PlantStates (TimeStamp, PlantState) VALUES ('20190226 00:00:00', 1)
INSERT INTO dbo.PlantStates (TimeStamp, PlantState) VALUES ('20190226 11:50:28', 0)
INSERT INTO dbo.PlantStates (TimeStamp, PlantState) VALUES ('20190226 22:11:07', 1)
INSERT INTO dbo.PlantStates (TimeStamp, PlantState) VALUES ('20190226 23:02:42', 0)
INSERT INTO dbo.PlantStates (TimeStamp, PlantState) VALUES ('20190226 23:33:00', 2)
INSERT INTO dbo.PlantStates (TimeStamp, PlantState) VALUES ('20190226 23:59:59', 0)
INSERT INTO dbo.PlantStateDuration (TimeStamp, OffDuration, OnRunningDuration, OnStoppedfDuration) VALUES ('20190226 23:59:59', '13:09:02', '10:20:39', '00:30:18')
INSERT INTO dbo.DailyProduction (TimeStamp, NumPieces, NumPiecesRejected) VALUES ('20190226 23:59:59', 473, 70.95)
INSERT INTO dbo.PlantStates (TimeStamp, PlantState) VALUES ('20190227 00:00:00', 1)
INSERT INTO dbo.PlantStates (TimeStamp, PlantState) VALUES ('20190227 01:35:49', 2)
INSERT INTO dbo.PlantStates (TimeStamp, PlantState) VALUES ('20190227 15:54:46', 0)
INSERT INTO dbo.PlantStates (TimeStamp, PlantState) VALUES ('20190227 20:17:44', 2)
INSERT INTO dbo.PlantStates (TimeStamp, PlantState) VALUES ('20190227 23:26:46', 1)
INSERT INTO dbo.PlantStates (TimeStamp, PlantState) VALUES ('20190227 23:59:59', 2)
INSERT INTO dbo.PlantStateDuration (TimeStamp, OffDuration, OnRunningDuration, OnStoppedfDuration) VALUES ('20190227 23:59:59', '14:18:57', '03:09:02', '06:32:00')
INSERT INTO dbo.DailyProduction (TimeStamp, NumPieces, NumPiecesRejected) VALUES ('20190227 23:59:59', 742, 14.84)
INSERT INTO dbo.PlantStates (TimeStamp, PlantState) VALUES ('20190228 00:00:00', 0)
INSERT INTO dbo.PlantStates (TimeStamp, PlantState) VALUES ('20190228 08:39:30', 1)
INSERT INTO dbo.PlantStates (TimeStamp, PlantState) VALUES ('20190228 17:26:37', 2)
INSERT INTO dbo.PlantStates (TimeStamp, PlantState) VALUES ('20190228 19:46:52', 0)
INSERT INTO dbo.PlantStates (TimeStamp, PlantState) VALUES ('20190228 21:19:56', 1)
INSERT INTO dbo.PlantStates (TimeStamp, PlantState) VALUES ('20190228 23:59:59', 0)
INSERT INTO dbo.PlantStateDuration (TimeStamp, OffDuration, OnRunningDuration, OnStoppedfDuration) VALUES ('20190228 23:59:59', '05:00:18', '10:12:34', '08:47:07')
INSERT INTO dbo.DailyProduction (TimeStamp, NumPieces, NumPiecesRejected) VALUES ('20190228 23:59:59', 759, 637.56)
INSERT INTO dbo.PlantStates (TimeStamp, PlantState) VALUES ('20190301 00:00:00', 2)
INSERT INTO dbo.PlantStates (TimeStamp, PlantState) VALUES ('20190301 07:19:37', 1)
INSERT INTO dbo.PlantStates (TimeStamp, PlantState) VALUES ('20190301 18:42:54', 2)
INSERT INTO dbo.PlantStates (TimeStamp, PlantState) VALUES ('20190301 21:52:59', 0)
INSERT INTO dbo.PlantStates (TimeStamp, PlantState) VALUES ('20190301 21:59:50', 2)
INSERT INTO dbo.PlantStates (TimeStamp, PlantState) VALUES ('20190301 23:59:59', 0)
INSERT INTO dbo.PlantStateDuration (TimeStamp, OffDuration, OnRunningDuration, OnStoppedfDuration) VALUES ('20190301 23:59:59', '05:10:14', '07:19:37', '11:30:08')
INSERT INTO dbo.DailyProduction (TimeStamp, NumPieces, NumPiecesRejected) VALUES ('20190301 23:59:59', 749, 734.02)
INSERT INTO dbo.PlantStates (TimeStamp, PlantState) VALUES ('20190302 00:00:00', 1)
INSERT INTO dbo.PlantStates (TimeStamp, PlantState) VALUES ('20190302 14:11:50', 0)
INSERT INTO dbo.PlantStates (TimeStamp, PlantState) VALUES ('20190302 15:09:23', 2)
INSERT INTO dbo.PlantStates (TimeStamp, PlantState) VALUES ('20190302 15:14:49', 0)
INSERT INTO dbo.PlantStates (TimeStamp, PlantState) VALUES ('20190302 18:53:58', 1)
INSERT INTO dbo.PlantStates (TimeStamp, PlantState) VALUES ('20190302 23:59:59', 2)
INSERT INTO dbo.PlantStateDuration (TimeStamp, OffDuration, OnRunningDuration, OnStoppedfDuration) VALUES ('20190302 23:59:59', '14:17:16', '03:39:09', '06:03:34')
INSERT INTO dbo.DailyProduction (TimeStamp, NumPieces, NumPiecesRejected) VALUES ('20190302 23:59:59', 626, 131.46)
INSERT INTO dbo.PlantStates (TimeStamp, PlantState) VALUES ('20190303 00:00:00', 1)
INSERT INTO dbo.PlantStates (TimeStamp, PlantState) VALUES ('20190303 14:46:28', 2)
INSERT INTO dbo.PlantStates (TimeStamp, PlantState) VALUES ('20190303 19:09:23', 1)
INSERT INTO dbo.PlantStates (TimeStamp, PlantState) VALUES ('20190303 22:50:42', 2)
INSERT INTO dbo.PlantStates (TimeStamp, PlantState) VALUES ('20190303 23:36:54', 1)
INSERT INTO dbo.PlantStates (TimeStamp, PlantState) VALUES ('20190303 23:59:59', 2)
INSERT INTO dbo.PlantStateDuration (TimeStamp, OffDuration, OnRunningDuration, OnStoppedfDuration) VALUES ('20190303 23:59:59', '00:00:00', '05:09:07', '18:50:52')
INSERT INTO dbo.DailyProduction (TimeStamp, NumPieces, NumPiecesRejected) VALUES ('20190303 23:59:59', 153, 120.87)
INSERT INTO dbo.PlantStates (TimeStamp, PlantState) VALUES ('20190304 00:00:00', 1)
INSERT INTO dbo.PlantStates (TimeStamp, PlantState) VALUES ('20190304 01:36:40', 2)
INSERT INTO dbo.PlantStates (TimeStamp, PlantState) VALUES ('20190304 01:43:49', 0)
INSERT INTO dbo.PlantStates (TimeStamp, PlantState) VALUES ('20190304 15:31:27', 2)
INSERT INTO dbo.PlantStates (TimeStamp, PlantState) VALUES ('20190304 19:53:33', 0)
INSERT INTO dbo.PlantStates (TimeStamp, PlantState) VALUES ('20190304 23:59:59', 1)
INSERT INTO dbo.PlantStateDuration (TimeStamp, OffDuration, OnRunningDuration, OnStoppedfDuration) VALUES ('20190304 23:59:59', '04:29:15', '04:06:26', '15:24:18')
INSERT INTO dbo.DailyProduction (TimeStamp, NumPieces, NumPiecesRejected) VALUES ('20190304 23:59:59', 725, 384.25)
INSERT INTO dbo.PlantStates (TimeStamp, PlantState) VALUES ('20190305 00:00:00', 0)
INSERT INTO dbo.PlantStates (TimeStamp, PlantState) VALUES ('20190305 08:09:34', 2)
INSERT INTO dbo.PlantStates (TimeStamp, PlantState) VALUES ('20190305 12:09:50', 0)
INSERT INTO dbo.PlantStates (TimeStamp, PlantState) VALUES ('20190305 17:36:22', 1)
INSERT INTO dbo.PlantStates (TimeStamp, PlantState) VALUES ('20190305 23:40:51', 0)
INSERT INTO dbo.PlantStates (TimeStamp, PlantState) VALUES ('20190305 23:59:59', 1)
INSERT INTO dbo.PlantStateDuration (TimeStamp, OffDuration, OnRunningDuration, OnStoppedfDuration) VALUES ('20190305 23:59:59', '10:04:45', '05:45:40', '08:09:34')
INSERT INTO dbo.DailyProduction (TimeStamp, NumPieces, NumPiecesRejected) VALUES ('20190305 23:59:59', 230, 34.5)
INSERT INTO dbo.PlantStates (TimeStamp, PlantState) VALUES ('20190306 00:00:00', 0)
INSERT INTO dbo.PlantStates (TimeStamp, PlantState) VALUES ('20190306 00:11:37', 2)
INSERT INTO dbo.PlantStates (TimeStamp, PlantState) VALUES ('20190306 01:17:11', 0)
INSERT INTO dbo.PlantStates (TimeStamp, PlantState) VALUES ('20190306 19:01:11', 1)
INSERT INTO dbo.PlantStates (TimeStamp, PlantState) VALUES ('20190306 19:15:41', 0)
INSERT INTO dbo.PlantStates (TimeStamp, PlantState) VALUES ('20190306 23:59:59', 2)
INSERT INTO dbo.PlantStateDuration (TimeStamp, OffDuration, OnRunningDuration, OnStoppedfDuration) VALUES ('20190306 23:59:59', '01:20:04', '17:44:00', '04:55:55')
INSERT INTO dbo.DailyProduction (TimeStamp, NumPieces, NumPiecesRejected) VALUES ('20190306 23:59:59', 297, 225.72)
INSERT INTO dbo.PlantStates (TimeStamp, PlantState) VALUES ('20190307 00:00:00', 1)
INSERT INTO dbo.PlantStates (TimeStamp, PlantState) VALUES ('20190307 17:42:24', 0)
INSERT INTO dbo.PlantStates (TimeStamp, PlantState) VALUES ('20190307 22:07:09', 2)
INSERT INTO dbo.PlantStates (TimeStamp, PlantState) VALUES ('20190307 23:08:14', 1)
INSERT INTO dbo.PlantStates (TimeStamp, PlantState) VALUES ('20190307 23:52:19', 2)
INSERT INTO dbo.PlantStates (TimeStamp, PlantState) VALUES ('20190307 23:59:59', 0)
INSERT INTO dbo.PlantStateDuration (TimeStamp, OffDuration, OnRunningDuration, OnStoppedfDuration) VALUES ('20190307 23:59:59', '17:50:04', '01:01:05', '05:08:50')
INSERT INTO dbo.DailyProduction (TimeStamp, NumPieces, NumPiecesRejected) VALUES ('20190307 23:59:59', 22, 11.88)
INSERT INTO dbo.PlantStates (TimeStamp, PlantState) VALUES ('20190308 00:00:00', 2)
INSERT INTO dbo.PlantStates (TimeStamp, PlantState) VALUES ('20190308 01:45:25', 0)
INSERT INTO dbo.PlantStates (TimeStamp, PlantState) VALUES ('20190308 02:46:59', 2)
INSERT INTO dbo.PlantStates (TimeStamp, PlantState) VALUES ('20190308 13:53:43', 0)
INSERT INTO dbo.PlantStates (TimeStamp, PlantState) VALUES ('20190308 18:43:10', 2)
INSERT INTO dbo.PlantStates (TimeStamp, PlantState) VALUES ('20190308 23:59:59', 1)
INSERT INTO dbo.PlantStateDuration (TimeStamp, OffDuration, OnRunningDuration, OnStoppedfDuration) VALUES ('20190308 23:59:59', '12:52:09', '05:16:49', '05:51:01')
INSERT INTO dbo.DailyProduction (TimeStamp, NumPieces, NumPiecesRejected) VALUES ('20190308 23:59:59', 106, 40.28)
INSERT INTO dbo.PlantStates (TimeStamp, PlantState) VALUES ('20190309 00:00:00', 0)
INSERT INTO dbo.PlantStates (TimeStamp, PlantState) VALUES ('20190309 05:13:40', 2)
INSERT INTO dbo.PlantStates (TimeStamp, PlantState) VALUES ('20190309 20:13:10', 0)
INSERT INTO dbo.PlantStates (TimeStamp, PlantState) VALUES ('20190309 20:32:15', 1)
INSERT INTO dbo.PlantStates (TimeStamp, PlantState) VALUES ('20190309 21:06:49', 0)
INSERT INTO dbo.PlantStates (TimeStamp, PlantState) VALUES ('20190309 23:59:59', 2)
INSERT INTO dbo.PlantStateDuration (TimeStamp, OffDuration, OnRunningDuration, OnStoppedfDuration) VALUES ('20190309 23:59:59', '15:34:04', '00:19:05', '08:06:50')
INSERT INTO dbo.DailyProduction (TimeStamp, NumPieces, NumPiecesRejected) VALUES ('20190309 23:59:59', 163, 83.13)
INSERT INTO dbo.PlantStates (TimeStamp, PlantState) VALUES ('20190310 00:00:00', 1)
INSERT INTO dbo.PlantStates (TimeStamp, PlantState) VALUES ('20190310 04:44:59', 2)
INSERT INTO dbo.PlantStates (TimeStamp, PlantState) VALUES ('20190310 10:01:53', 1)
INSERT INTO dbo.PlantStates (TimeStamp, PlantState) VALUES ('20190310 20:22:23', 2)
INSERT INTO dbo.PlantStates (TimeStamp, PlantState) VALUES ('20190310 20:31:17', 1)
INSERT INTO dbo.PlantStates (TimeStamp, PlantState) VALUES ('20190310 23:59:59', 2)
INSERT INTO dbo.PlantStateDuration (TimeStamp, OffDuration, OnRunningDuration, OnStoppedfDuration) VALUES ('20190310 23:59:59', '00:00:00', '05:25:48', '18:34:11')
INSERT INTO dbo.DailyProduction (TimeStamp, NumPieces, NumPiecesRejected) VALUES ('20190310 23:59:59', 259, 207.2)
INSERT INTO dbo.PlantStates (TimeStamp, PlantState) VALUES ('20190311 00:00:00', 0)
INSERT INTO dbo.PlantStates (TimeStamp, PlantState) VALUES ('20190311 16:52:46', 1)
INSERT INTO dbo.PlantStates (TimeStamp, PlantState) VALUES ('20190311 19:36:10', 0)
INSERT INTO dbo.PlantStates (TimeStamp, PlantState) VALUES ('20190311 22:21:19', 1)
INSERT INTO dbo.PlantStates (TimeStamp, PlantState) VALUES ('20190311 23:28:42', 0)
INSERT INTO dbo.PlantStates (TimeStamp, PlantState) VALUES ('20190311 23:59:59', 1)
INSERT INTO dbo.PlantStateDuration (TimeStamp, OffDuration, OnRunningDuration, OnStoppedfDuration) VALUES ('20190311 23:59:59', '03:50:47', '20:09:12', '00:00:00')
INSERT INTO dbo.DailyProduction (TimeStamp, NumPieces, NumPiecesRejected) VALUES ('20190311 23:59:59', 652, 586.8)
INSERT INTO dbo.PlantStates (TimeStamp, PlantState) VALUES ('20190312 00:00:00', 2)
INSERT INTO dbo.PlantStates (TimeStamp, PlantState) VALUES ('20190312 03:53:13', 0)
INSERT INTO dbo.PlantStates (TimeStamp, PlantState) VALUES ('20190312 10:55:23', 2)
INSERT INTO dbo.PlantStates (TimeStamp, PlantState) VALUES ('20190312 18:25:18', 0)
INSERT INTO dbo.PlantStates (TimeStamp, PlantState) VALUES ('20190312 20:46:00', 2)
INSERT INTO dbo.PlantStates (TimeStamp, PlantState) VALUES ('20190312 23:59:59', 0)
INSERT INTO dbo.PlantStateDuration (TimeStamp, OffDuration, OnRunningDuration, OnStoppedfDuration) VALUES ('20190312 23:59:59', '14:37:07', '00:00:00', '09:22:52')
INSERT INTO dbo.DailyProduction (TimeStamp, NumPieces, NumPiecesRejected) VALUES ('20190312 23:59:59', 153, 122.4)
INSERT INTO dbo.PlantStates (TimeStamp, PlantState) VALUES ('20190313 00:00:00', 1)
INSERT INTO dbo.PlantStates (TimeStamp, PlantState) VALUES ('20190313 04:26:09', 0)
INSERT INTO dbo.PlantStates (TimeStamp, PlantState) VALUES ('20190313 13:14:31', 1)
INSERT INTO dbo.PlantStates (TimeStamp, PlantState) VALUES ('20190313 21:41:56', 2)
INSERT INTO dbo.PlantStates (TimeStamp, PlantState) VALUES ('20190313 23:25:02', 0)
INSERT INTO dbo.PlantStates (TimeStamp, PlantState) VALUES ('20190313 23:59:59', 1)
INSERT INTO dbo.PlantStateDuration (TimeStamp, OffDuration, OnRunningDuration, OnStoppedfDuration) VALUES ('20190313 23:59:59', '06:09:15', '09:23:19', '08:27:25')
INSERT INTO dbo.DailyProduction (TimeStamp, NumPieces, NumPiecesRejected) VALUES ('20190313 23:59:59', 358, 289.98)
INSERT INTO dbo.PlantStates (TimeStamp, PlantState) VALUES ('20190314 00:00:00', 2)
INSERT INTO dbo.PlantStates (TimeStamp, PlantState) VALUES ('20190314 04:36:24', 0)
INSERT INTO dbo.PlantStates (TimeStamp, PlantState) VALUES ('20190314 18:41:00', 1)
INSERT INTO dbo.PlantStates (TimeStamp, PlantState) VALUES ('20190314 19:08:31', 2)
INSERT INTO dbo.PlantStates (TimeStamp, PlantState) VALUES ('20190314 23:20:31', 1)
INSERT INTO dbo.PlantStates (TimeStamp, PlantState) VALUES ('20190314 23:59:59', 0)
INSERT INTO dbo.PlantStateDuration (TimeStamp, OffDuration, OnRunningDuration, OnStoppedfDuration) VALUES ('20190314 23:59:59', '05:15:52', '18:16:36', '00:27:31')
INSERT INTO dbo.DailyProduction (TimeStamp, NumPieces, NumPiecesRejected) VALUES ('20190314 23:59:59', 344, 10.32)
INSERT INTO dbo.PlantStates (TimeStamp, PlantState) VALUES ('20190315 00:00:00', 2)
INSERT INTO dbo.PlantStates (TimeStamp, PlantState) VALUES ('20190315 05:48:33', 0)
INSERT INTO dbo.PlantStates (TimeStamp, PlantState) VALUES ('20190315 21:08:44', 1)
INSERT INTO dbo.PlantStates (TimeStamp, PlantState) VALUES ('20190315 23:08:48', 0)
INSERT INTO dbo.PlantStates (TimeStamp, PlantState) VALUES ('20190315 23:10:59', 1)
INSERT INTO dbo.PlantStates (TimeStamp, PlantState) VALUES ('20190315 23:59:59', 2)
INSERT INTO dbo.PlantStateDuration (TimeStamp, OffDuration, OnRunningDuration, OnStoppedfDuration) VALUES ('20190315 23:59:59', '07:48:37', '15:22:22', '00:49:00')
INSERT INTO dbo.DailyProduction (TimeStamp, NumPieces, NumPiecesRejected) VALUES ('20190315 23:59:59', 617, 265.31)
INSERT INTO dbo.PlantStates (TimeStamp, PlantState) VALUES ('20190316 00:00:00', 0)
INSERT INTO dbo.PlantStates (TimeStamp, PlantState) VALUES ('20190316 02:41:17', 1)
INSERT INTO dbo.PlantStates (TimeStamp, PlantState) VALUES ('20190316 04:18:06', 0)
INSERT INTO dbo.PlantStates (TimeStamp, PlantState) VALUES ('20190316 22:08:15', 2)
INSERT INTO dbo.PlantStates (TimeStamp, PlantState) VALUES ('20190316 23:03:29', 1)
INSERT INTO dbo.PlantStates (TimeStamp, PlantState) VALUES ('20190316 23:59:59', 2)
INSERT INTO dbo.PlantStateDuration (TimeStamp, OffDuration, OnRunningDuration, OnStoppedfDuration) VALUES ('20190316 23:59:59', '01:36:49', '03:36:31', '18:46:39')
INSERT INTO dbo.DailyProduction (TimeStamp, NumPieces, NumPiecesRejected) VALUES ('20190316 23:59:59', 854, 324.52)
INSERT INTO dbo.PlantStates (TimeStamp, PlantState) VALUES ('20190317 00:00:00', 0)
INSERT INTO dbo.PlantStates (TimeStamp, PlantState) VALUES ('20190317 01:57:06', 2)
INSERT INTO dbo.PlantStates (TimeStamp, PlantState) VALUES ('20190317 13:04:54', 1)
INSERT INTO dbo.PlantStates (TimeStamp, PlantState) VALUES ('20190317 23:52:40', 2)
INSERT INTO dbo.PlantStates (TimeStamp, PlantState) VALUES ('20190317 23:57:25', 1)
INSERT INTO dbo.PlantStates (TimeStamp, PlantState) VALUES ('20190317 23:59:59', 2)
INSERT INTO dbo.PlantStateDuration (TimeStamp, OffDuration, OnRunningDuration, OnStoppedfDuration) VALUES ('20190317 23:59:59', '00:00:00', '11:12:33', '12:47:26')
INSERT INTO dbo.DailyProduction (TimeStamp, NumPieces, NumPiecesRejected) VALUES ('20190317 23:59:59', 689, 34.45)
INSERT INTO dbo.PlantStates (TimeStamp, PlantState) VALUES ('20190318 00:00:00', 0)
INSERT INTO dbo.PlantStates (TimeStamp, PlantState) VALUES ('20190318 03:43:37', 2)
INSERT INTO dbo.PlantStates (TimeStamp, PlantState) VALUES ('20190318 13:01:32', 1)
INSERT INTO dbo.PlantStates (TimeStamp, PlantState) VALUES ('20190318 14:04:43', 0)
INSERT INTO dbo.PlantStates (TimeStamp, PlantState) VALUES ('20190318 19:46:00', 2)
INSERT INTO dbo.PlantStates (TimeStamp, PlantState) VALUES ('20190318 23:59:59', 1)
INSERT INTO dbo.PlantStateDuration (TimeStamp, OffDuration, OnRunningDuration, OnStoppedfDuration) VALUES ('20190318 23:59:59', '01:03:11', '13:31:54', '09:24:54')
INSERT INTO dbo.DailyProduction (TimeStamp, NumPieces, NumPiecesRejected) VALUES ('20190318 23:59:59', 251, 213.35)
INSERT INTO dbo.PlantStates (TimeStamp, PlantState) VALUES ('20190319 00:00:00', 0)
INSERT INTO dbo.PlantStates (TimeStamp, PlantState) VALUES ('20190319 05:40:42', 1)
INSERT INTO dbo.PlantStates (TimeStamp, PlantState) VALUES ('20190319 16:45:48', 0)
INSERT INTO dbo.PlantStates (TimeStamp, PlantState) VALUES ('20190319 19:37:02', 2)
INSERT INTO dbo.PlantStates (TimeStamp, PlantState) VALUES ('20190319 23:18:45', 1)
INSERT INTO dbo.PlantStates (TimeStamp, PlantState) VALUES ('20190319 23:59:59', 0)
INSERT INTO dbo.PlantStateDuration (TimeStamp, OffDuration, OnRunningDuration, OnStoppedfDuration) VALUES ('20190319 23:59:59', '11:46:20', '09:22:25', '02:51:14')
INSERT INTO dbo.DailyProduction (TimeStamp, NumPieces, NumPiecesRejected) VALUES ('20190319 23:59:59', 888, 808.08)
INSERT INTO dbo.PlantStates (TimeStamp, PlantState) VALUES ('20190320 00:00:00', 2)
INSERT INTO dbo.PlantStates (TimeStamp, PlantState) VALUES ('20190320 05:49:01', 0)
INSERT INTO dbo.PlantStates (TimeStamp, PlantState) VALUES ('20190320 20:32:27', 1)
INSERT INTO dbo.PlantStates (TimeStamp, PlantState) VALUES ('20190320 21:52:10', 0)
INSERT INTO dbo.PlantStates (TimeStamp, PlantState) VALUES ('20190320 23:22:56', 1)
INSERT INTO dbo.PlantStates (TimeStamp, PlantState) VALUES ('20190320 23:59:59', 2)
INSERT INTO dbo.PlantStateDuration (TimeStamp, OffDuration, OnRunningDuration, OnStoppedfDuration) VALUES ('20190320 23:59:59', '07:08:44', '16:14:12', '00:37:03')
INSERT INTO dbo.DailyProduction (TimeStamp, NumPieces, NumPiecesRejected) VALUES ('20190320 23:59:59', 854, 461.16)
INSERT INTO dbo.PlantStates (TimeStamp, PlantState) VALUES ('20190321 00:00:00', 0)
INSERT INTO dbo.PlantStates (TimeStamp, PlantState) VALUES ('20190321 00:09:55', 2)
INSERT INTO dbo.PlantStates (TimeStamp, PlantState) VALUES ('20190321 08:26:33', 1)
INSERT INTO dbo.PlantStates (TimeStamp, PlantState) VALUES ('20190321 09:51:04', 0)
INSERT INTO dbo.PlantStates (TimeStamp, PlantState) VALUES ('20190321 21:07:46', 2)
INSERT INTO dbo.PlantStates (TimeStamp, PlantState) VALUES ('20190321 23:59:59', 0)
INSERT INTO dbo.PlantStateDuration (TimeStamp, OffDuration, OnRunningDuration, OnStoppedfDuration) VALUES ('20190321 23:59:59', '04:16:44', '08:16:38', '11:26:37')
INSERT INTO dbo.DailyProduction (TimeStamp, NumPieces, NumPiecesRejected) VALUES ('20190321 23:59:59', 832, 299.52)
INSERT INTO dbo.PlantStates (TimeStamp, PlantState) VALUES ('20190322 00:00:00', 2)
INSERT INTO dbo.PlantStates (TimeStamp, PlantState) VALUES ('20190322 15:57:21', 1)
INSERT INTO dbo.PlantStates (TimeStamp, PlantState) VALUES ('20190322 17:45:29', 0)
INSERT INTO dbo.PlantStates (TimeStamp, PlantState) VALUES ('20190322 18:03:02', 1)
INSERT INTO dbo.PlantStates (TimeStamp, PlantState) VALUES ('20190322 18:14:43', 2)
INSERT INTO dbo.PlantStates (TimeStamp, PlantState) VALUES ('20190322 23:59:59', 1)
INSERT INTO dbo.PlantStateDuration (TimeStamp, OffDuration, OnRunningDuration, OnStoppedfDuration) VALUES ('20190322 23:59:59', '01:48:08', '22:00:10', '00:11:41')
INSERT INTO dbo.DailyProduction (TimeStamp, NumPieces, NumPiecesRejected) VALUES ('20190322 23:59:59', 720, 309.6)
INSERT INTO dbo.PlantStates (TimeStamp, PlantState) VALUES ('20190323 00:00:00', 2)
INSERT INTO dbo.PlantStates (TimeStamp, PlantState) VALUES ('20190323 02:09:41', 1)
INSERT INTO dbo.PlantStates (TimeStamp, PlantState) VALUES ('20190323 05:48:08', 0)
INSERT INTO dbo.PlantStates (TimeStamp, PlantState) VALUES ('20190323 22:13:00', 1)
INSERT INTO dbo.PlantStates (TimeStamp, PlantState) VALUES ('20190323 22:38:46', 0)
INSERT INTO dbo.PlantStates (TimeStamp, PlantState) VALUES ('20190323 23:59:59', 1)
INSERT INTO dbo.PlantStateDuration (TimeStamp, OffDuration, OnRunningDuration, OnStoppedfDuration) VALUES ('20190323 23:59:59', '04:04:13', '19:55:46', '00:00:00')
INSERT INTO dbo.DailyProduction (TimeStamp, NumPieces, NumPiecesRejected) VALUES ('20190323 23:59:59', 475, 42.75)
INSERT INTO dbo.PlantStates (TimeStamp, PlantState) VALUES ('20190324 00:00:00', 0)
INSERT INTO dbo.PlantStates (TimeStamp, PlantState) VALUES ('20190324 00:23:51', 1)
INSERT INTO dbo.PlantStates (TimeStamp, PlantState) VALUES ('20190324 02:15:54', 0)
INSERT INTO dbo.PlantStates (TimeStamp, PlantState) VALUES ('20190324 03:33:26', 2)
INSERT INTO dbo.PlantStates (TimeStamp, PlantState) VALUES ('20190324 15:26:20', 0)
INSERT INTO dbo.PlantStates (TimeStamp, PlantState) VALUES ('20190324 23:59:59', 2)
INSERT INTO dbo.PlantStateDuration (TimeStamp, OffDuration, OnRunningDuration, OnStoppedfDuration) VALUES ('20190324 23:59:59', '13:44:57', '00:23:51', '09:51:11')
INSERT INTO dbo.DailyProduction (TimeStamp, NumPieces, NumPiecesRejected) VALUES ('20190324 23:59:59', 902, 640.42)
INSERT INTO dbo.PlantStates (TimeStamp, PlantState) VALUES ('20190325 00:00:00', 1)
INSERT INTO dbo.PlantStates (TimeStamp, PlantState) VALUES ('20190325 19:38:07', 2)
INSERT INTO dbo.PlantStates (TimeStamp, PlantState) VALUES ('20190325 22:53:58', 0)
INSERT INTO dbo.PlantStates (TimeStamp, PlantState) VALUES ('20190325 23:52:28', 2)
INSERT INTO dbo.PlantStates (TimeStamp, PlantState) VALUES ('20190325 23:55:08', 0)
INSERT INTO dbo.PlantStates (TimeStamp, PlantState) VALUES ('20190325 23:59:59', 2)
INSERT INTO dbo.PlantStateDuration (TimeStamp, OffDuration, OnRunningDuration, OnStoppedfDuration) VALUES ('20190325 23:59:59', '03:18:31', '00:00:00', '20:41:28')
INSERT INTO dbo.DailyProduction (TimeStamp, NumPieces, NumPiecesRejected) VALUES ('20190325 23:59:59', 999, 569.43)
INSERT INTO dbo.PlantStates (TimeStamp, PlantState) VALUES ('20190326 00:00:00', 0)
INSERT INTO dbo.PlantStates (TimeStamp, PlantState) VALUES ('20190326 02:27:52', 2)
INSERT INTO dbo.PlantStates (TimeStamp, PlantState) VALUES ('20190326 07:29:46', 1)
INSERT INTO dbo.PlantStates (TimeStamp, PlantState) VALUES ('20190326 10:46:36', 0)
INSERT INTO dbo.PlantStates (TimeStamp, PlantState) VALUES ('20190326 15:21:05', 2)
INSERT INTO dbo.PlantStates (TimeStamp, PlantState) VALUES ('20190326 23:59:59', 0)
INSERT INTO dbo.PlantStateDuration (TimeStamp, OffDuration, OnRunningDuration, OnStoppedfDuration) VALUES ('20190326 23:59:59', '11:55:44', '05:01:54', '07:02:21')
INSERT INTO dbo.DailyProduction (TimeStamp, NumPieces, NumPiecesRejected) VALUES ('20190326 23:59:59', 909, 499.95)
INSERT INTO dbo.PlantStates (TimeStamp, PlantState) VALUES ('20190327 00:00:00', 1)
INSERT INTO dbo.PlantStates (TimeStamp, PlantState) VALUES ('20190327 09:04:46', 0)
INSERT INTO dbo.PlantStates (TimeStamp, PlantState) VALUES ('20190327 20:29:58', 2)
INSERT INTO dbo.PlantStates (TimeStamp, PlantState) VALUES ('20190327 22:50:37', 0)
INSERT INTO dbo.PlantStates (TimeStamp, PlantState) VALUES ('20190327 23:18:33', 1)
INSERT INTO dbo.PlantStates (TimeStamp, PlantState) VALUES ('20190327 23:59:59', 0)
INSERT INTO dbo.PlantStateDuration (TimeStamp, OffDuration, OnRunningDuration, OnStoppedfDuration) VALUES ('20190327 23:59:59', '12:06:51', '00:27:56', '11:25:12')
INSERT INTO dbo.DailyProduction (TimeStamp, NumPieces, NumPiecesRejected) VALUES ('20190327 23:59:59', 115, 16.1)
INSERT INTO dbo.PlantStates (TimeStamp, PlantState) VALUES ('20190328 00:00:00', 1)
INSERT INTO dbo.PlantStates (TimeStamp, PlantState) VALUES ('20190328 17:01:26', 0)
INSERT INTO dbo.PlantStates (TimeStamp, PlantState) VALUES ('20190328 23:55:03', 2)
INSERT INTO dbo.PlantStates (TimeStamp, PlantState) VALUES ('20190328 23:55:24', 0)
INSERT INTO dbo.PlantStates (TimeStamp, PlantState) VALUES ('20190328 23:56:40', 1)
INSERT INTO dbo.PlantStates (TimeStamp, PlantState) VALUES ('20190328 23:59:59', 2)
INSERT INTO dbo.PlantStateDuration (TimeStamp, OffDuration, OnRunningDuration, OnStoppedfDuration) VALUES ('20190328 23:59:59', '17:01:47', '00:01:16', '06:56:56')
INSERT INTO dbo.DailyProduction (TimeStamp, NumPieces, NumPiecesRejected) VALUES ('20190328 23:59:59', 424, 144.16)
INSERT INTO dbo.PlantStates (TimeStamp, PlantState) VALUES ('20190329 00:00:00', 0)
INSERT INTO dbo.PlantStates (TimeStamp, PlantState) VALUES ('20190329 07:16:19', 2)
INSERT INTO dbo.PlantStates (TimeStamp, PlantState) VALUES ('20190329 21:26:32', 1)
INSERT INTO dbo.PlantStates (TimeStamp, PlantState) VALUES ('20190329 22:24:28', 0)
INSERT INTO dbo.PlantStates (TimeStamp, PlantState) VALUES ('20190329 23:44:48', 2)
INSERT INTO dbo.PlantStates (TimeStamp, PlantState) VALUES ('20190329 23:59:59', 1)
INSERT INTO dbo.PlantStateDuration (TimeStamp, OffDuration, OnRunningDuration, OnStoppedfDuration) VALUES ('20190329 23:59:59', '00:57:56', '14:25:24', '08:36:39')
INSERT INTO dbo.DailyProduction (TimeStamp, NumPieces, NumPiecesRejected) VALUES ('20190329 23:59:59', 691, 580.44)
INSERT INTO dbo.PlantStates (TimeStamp, PlantState) VALUES ('20190330 00:00:00', 2)
INSERT INTO dbo.PlantStates (TimeStamp, PlantState) VALUES ('20190330 01:53:02', 0)
INSERT INTO dbo.PlantStates (TimeStamp, PlantState) VALUES ('20190330 07:49:11', 1)
INSERT INTO dbo.PlantStates (TimeStamp, PlantState) VALUES ('20190330 18:23:57', 0)
INSERT INTO dbo.PlantStates (TimeStamp, PlantState) VALUES ('20190330 23:35:23', 1)
INSERT INTO dbo.PlantStates (TimeStamp, PlantState) VALUES ('20190330 23:59:59', 2)
INSERT INTO dbo.PlantStateDuration (TimeStamp, OffDuration, OnRunningDuration, OnStoppedfDuration) VALUES ('20190330 23:59:59', '12:27:48', '11:07:35', '00:24:36')
INSERT INTO dbo.DailyProduction (TimeStamp, NumPieces, NumPiecesRejected) VALUES ('20190330 23:59:59', 152, 44.08)
INSERT INTO dbo.PlantStates (TimeStamp, PlantState) VALUES ('20190331 00:00:00', 0)
INSERT INTO dbo.PlantStates (TimeStamp, PlantState) VALUES ('20190331 13:59:17', 2)
INSERT INTO dbo.PlantStates (TimeStamp, PlantState) VALUES ('20190331 16:56:32', 1)
INSERT INTO dbo.PlantStates (TimeStamp, PlantState) VALUES ('20190331 18:39:24', 2)
INSERT INTO dbo.PlantStates (TimeStamp, PlantState) VALUES ('20190331 19:56:06', 0)
INSERT INTO dbo.PlantStates (TimeStamp, PlantState) VALUES ('20190331 23:59:59', 1)
INSERT INTO dbo.PlantStateDuration (TimeStamp, OffDuration, OnRunningDuration, OnStoppedfDuration) VALUES ('20190331 23:59:59', '01:16:42', '07:01:08', '15:42:09')
INSERT INTO dbo.DailyProduction (TimeStamp, NumPieces, NumPiecesRejected) VALUES ('20190331 23:59:59', 585, 421.2)
INSERT INTO dbo.PlantStates (TimeStamp, PlantState) VALUES ('20190401 00:00:00', 0)
INSERT INTO dbo.PlantStates (TimeStamp, PlantState) VALUES ('20190401 22:04:17', 2)
INSERT INTO dbo.PlantStates (TimeStamp, PlantState) VALUES ('20190401 22:35:13', 0)
INSERT INTO dbo.PlantStates (TimeStamp, PlantState) VALUES ('20190401 22:39:56', 2)
INSERT INTO dbo.PlantStates (TimeStamp, PlantState) VALUES ('20190401 22:51:49', 0)
INSERT INTO dbo.PlantStates (TimeStamp, PlantState) VALUES ('20190401 23:59:59', 2)
INSERT INTO dbo.PlantStateDuration (TimeStamp, OffDuration, OnRunningDuration, OnStoppedfDuration) VALUES ('20190401 23:59:59', '00:42:49', '00:00:00', '23:17:10')
INSERT INTO dbo.DailyProduction (TimeStamp, NumPieces, NumPiecesRejected) VALUES ('20190401 23:59:59', 182, 136.5)
INSERT INTO dbo.PlantStates (TimeStamp, PlantState) VALUES ('20190402 00:00:00', 0)
INSERT INTO dbo.PlantStates (TimeStamp, PlantState) VALUES ('20190402 07:06:02', 2)
INSERT INTO dbo.PlantStates (TimeStamp, PlantState) VALUES ('20190402 12:47:18', 1)
INSERT INTO dbo.PlantStates (TimeStamp, PlantState) VALUES ('20190402 14:54:31', 2)
INSERT INTO dbo.PlantStates (TimeStamp, PlantState) VALUES ('20190402 17:13:45', 0)
INSERT INTO dbo.PlantStates (TimeStamp, PlantState) VALUES ('20190402 23:59:59', 2)
INSERT INTO dbo.PlantStateDuration (TimeStamp, OffDuration, OnRunningDuration, OnStoppedfDuration) VALUES ('20190402 23:59:59', '02:19:14', '05:41:16', '15:59:29')
INSERT INTO dbo.DailyProduction (TimeStamp, NumPieces, NumPiecesRejected) VALUES ('20190402 23:59:59', 92, 14.72)
INSERT INTO dbo.PlantStates (TimeStamp, PlantState) VALUES ('20190403 00:00:00', 0)
INSERT INTO dbo.PlantStates (TimeStamp, PlantState) VALUES ('20190403 03:07:19', 2)
INSERT INTO dbo.PlantStates (TimeStamp, PlantState) VALUES ('20190403 13:21:47', 0)
INSERT INTO dbo.PlantStates (TimeStamp, PlantState) VALUES ('20190403 22:57:54', 2)
INSERT INTO dbo.PlantStates (TimeStamp, PlantState) VALUES ('20190403 23:40:27', 0)
INSERT INTO dbo.PlantStates (TimeStamp, PlantState) VALUES ('20190403 23:59:59', 2)
INSERT INTO dbo.PlantStateDuration (TimeStamp, OffDuration, OnRunningDuration, OnStoppedfDuration) VALUES ('20190403 23:59:59', '10:57:01', '00:00:00', '13:02:58')
INSERT INTO dbo.DailyProduction (TimeStamp, NumPieces, NumPiecesRejected) VALUES ('20190403 23:59:59', 172, 170.28)
INSERT INTO dbo.PlantStates (TimeStamp, PlantState) VALUES ('20190404 00:00:00', 1)
INSERT INTO dbo.PlantStates (TimeStamp, PlantState) VALUES ('20190404 00:15:23', 0)
INSERT INTO dbo.PlantStates (TimeStamp, PlantState) VALUES ('20190404 01:43:26', 2)
INSERT INTO dbo.PlantStates (TimeStamp, PlantState) VALUES ('20190404 12:28:06', 1)
INSERT INTO dbo.PlantStates (TimeStamp, PlantState) VALUES ('20190404 16:36:23', 2)
INSERT INTO dbo.PlantStates (TimeStamp, PlantState) VALUES ('20190404 23:59:59', 1)
INSERT INTO dbo.PlantStateDuration (TimeStamp, OffDuration, OnRunningDuration, OnStoppedfDuration) VALUES ('20190404 23:59:59', '00:15:23', '18:08:16', '05:36:20')
INSERT INTO dbo.DailyProduction (TimeStamp, NumPieces, NumPiecesRejected) VALUES ('20190404 23:59:59', 686, 363.58)
INSERT INTO dbo.PlantStates (TimeStamp, PlantState) VALUES ('20190405 00:00:00', 2)
INSERT INTO dbo.PlantStates (TimeStamp, PlantState) VALUES ('20190405 00:35:17', 0)
INSERT INTO dbo.PlantStates (TimeStamp, PlantState) VALUES ('20190405 06:54:24', 1)
INSERT INTO dbo.PlantStates (TimeStamp, PlantState) VALUES ('20190405 22:36:20', 0)
INSERT INTO dbo.PlantStates (TimeStamp, PlantState) VALUES ('20190405 23:26:31', 1)
INSERT INTO dbo.PlantStates (TimeStamp, PlantState) VALUES ('20190405 23:59:59', 0)
INSERT INTO dbo.PlantStateDuration (TimeStamp, OffDuration, OnRunningDuration, OnStoppedfDuration) VALUES ('20190405 23:59:59', '16:50:41', '07:09:18', '00:00:00')
INSERT INTO dbo.DailyProduction (TimeStamp, NumPieces, NumPiecesRejected) VALUES ('20190405 23:59:59', 915, 91.5)
INSERT INTO dbo.PlantStates (TimeStamp, PlantState) VALUES ('20190406 00:00:00', 2)
INSERT INTO dbo.PlantStates (TimeStamp, PlantState) VALUES ('20190406 04:14:32', 0)
INSERT INTO dbo.PlantStates (TimeStamp, PlantState) VALUES ('20190406 14:38:18', 1)
INSERT INTO dbo.PlantStates (TimeStamp, PlantState) VALUES ('20190406 17:22:11', 2)
INSERT INTO dbo.PlantStates (TimeStamp, PlantState) VALUES ('20190406 22:47:39', 0)
INSERT INTO dbo.PlantStates (TimeStamp, PlantState) VALUES ('20190406 23:59:59', 2)
INSERT INTO dbo.PlantStateDuration (TimeStamp, OffDuration, OnRunningDuration, OnStoppedfDuration) VALUES ('20190406 23:59:59', '09:40:00', '10:23:46', '03:56:13')
INSERT INTO dbo.DailyProduction (TimeStamp, NumPieces, NumPiecesRejected) VALUES ('20190406 23:59:59', 983, 825.72)
INSERT INTO dbo.PlantStates (TimeStamp, PlantState) VALUES ('20190407 00:00:00', 0)
INSERT INTO dbo.PlantStates (TimeStamp, PlantState) VALUES ('20190407 09:27:36', 1)
INSERT INTO dbo.PlantStates (TimeStamp, PlantState) VALUES ('20190407 17:12:51', 0)
INSERT INTO dbo.PlantStates (TimeStamp, PlantState) VALUES ('20190407 21:45:19', 1)
INSERT INTO dbo.PlantStates (TimeStamp, PlantState) VALUES ('20190407 23:55:08', 0)
INSERT INTO dbo.PlantStates (TimeStamp, PlantState) VALUES ('20190407 23:59:59', 2)
INSERT INTO dbo.PlantStateDuration (TimeStamp, OffDuration, OnRunningDuration, OnStoppedfDuration) VALUES ('20190407 23:59:59', '09:55:04', '14:00:04', '00:04:51')
INSERT INTO dbo.DailyProduction (TimeStamp, NumPieces, NumPiecesRejected) VALUES ('20190407 23:59:59', 145, 71.05)
INSERT INTO dbo.PlantStates (TimeStamp, PlantState) VALUES ('20190408 00:00:00', 1)
INSERT INTO dbo.PlantStates (TimeStamp, PlantState) VALUES ('20190408 07:28:09', 2)
INSERT INTO dbo.PlantStates (TimeStamp, PlantState) VALUES ('20190408 09:45:44', 0)
INSERT INTO dbo.PlantStates (TimeStamp, PlantState) VALUES ('20190408 15:47:29', 1)
INSERT INTO dbo.PlantStates (TimeStamp, PlantState) VALUES ('20190408 23:10:49', 0)
INSERT INTO dbo.PlantStates (TimeStamp, PlantState) VALUES ('20190408 23:59:59', 1)
INSERT INTO dbo.PlantStateDuration (TimeStamp, OffDuration, OnRunningDuration, OnStoppedfDuration) VALUES ('20190408 23:59:59', '09:40:55', '06:50:55', '07:28:09')
INSERT INTO dbo.DailyProduction (TimeStamp, NumPieces, NumPiecesRejected) VALUES ('20190408 23:59:59', 402, 365.82)
INSERT INTO dbo.PlantStates (TimeStamp, PlantState) VALUES ('20190409 00:00:00', 2)
INSERT INTO dbo.PlantStates (TimeStamp, PlantState) VALUES ('20190409 00:36:52', 1)
INSERT INTO dbo.PlantStates (TimeStamp, PlantState) VALUES ('20190409 04:39:47', 0)
INSERT INTO dbo.PlantStates (TimeStamp, PlantState) VALUES ('20190409 09:29:41', 1)
INSERT INTO dbo.PlantStates (TimeStamp, PlantState) VALUES ('20190409 19:05:36', 2)
INSERT INTO dbo.PlantStates (TimeStamp, PlantState) VALUES ('20190409 23:59:59', 1)
INSERT INTO dbo.PlantStateDuration (TimeStamp, OffDuration, OnRunningDuration, OnStoppedfDuration) VALUES ('20190409 23:59:59', '04:02:55', '10:21:09', '09:35:55')
INSERT INTO dbo.DailyProduction (TimeStamp, NumPieces, NumPiecesRejected) VALUES ('20190409 23:59:59', 38, 23.56)
INSERT INTO dbo.PlantStates (TimeStamp, PlantState) VALUES ('20190410 00:00:00', 0)
INSERT INTO dbo.PlantStates (TimeStamp, PlantState) VALUES ('20190410 14:04:47', 2)
INSERT INTO dbo.PlantStates (TimeStamp, PlantState) VALUES ('20190410 16:54:44', 1)
INSERT INTO dbo.PlantStates (TimeStamp, PlantState) VALUES ('20190410 23:46:26', 0)
INSERT INTO dbo.PlantStates (TimeStamp, PlantState) VALUES ('20190410 23:55:54', 2)
INSERT INTO dbo.PlantStates (TimeStamp, PlantState) VALUES ('20190410 23:59:59', 0)
INSERT INTO dbo.PlantStateDuration (TimeStamp, OffDuration, OnRunningDuration, OnStoppedfDuration) VALUES ('20190410 23:59:59', '06:55:47', '02:49:57', '14:14:15')
INSERT INTO dbo.DailyProduction (TimeStamp, NumPieces, NumPiecesRejected) VALUES ('20190410 23:59:59', 615, 6.15)
INSERT INTO dbo.PlantStates (TimeStamp, PlantState) VALUES ('20190411 00:00:00', 2)
INSERT INTO dbo.PlantStates (TimeStamp, PlantState) VALUES ('20190411 10:44:29', 1)
INSERT INTO dbo.PlantStates (TimeStamp, PlantState) VALUES ('20190411 18:38:45', 2)
INSERT INTO dbo.PlantStates (TimeStamp, PlantState) VALUES ('20190411 21:38:57', 0)
INSERT INTO dbo.PlantStates (TimeStamp, PlantState) VALUES ('20190411 23:56:25', 1)
INSERT INTO dbo.PlantStates (TimeStamp, PlantState) VALUES ('20190411 23:59:59', 0)
INSERT INTO dbo.PlantStateDuration (TimeStamp, OffDuration, OnRunningDuration, OnStoppedfDuration) VALUES ('20190411 23:59:59', '03:03:46', '13:01:57', '07:54:16')
INSERT INTO dbo.DailyProduction (TimeStamp, NumPieces, NumPiecesRejected) VALUES ('20190411 23:59:59', 659, 514.02)
INSERT INTO dbo.PlantStates (TimeStamp, PlantState) VALUES ('20190412 00:00:00', 1)
INSERT INTO dbo.PlantStates (TimeStamp, PlantState) VALUES ('20190412 13:09:45', 0)
INSERT INTO dbo.PlantStates (TimeStamp, PlantState) VALUES ('20190412 16:52:44', 2)
INSERT INTO dbo.PlantStates (TimeStamp, PlantState) VALUES ('20190412 20:26:16', 0)
INSERT INTO dbo.PlantStates (TimeStamp, PlantState) VALUES ('20190412 21:00:58', 2)
INSERT INTO dbo.PlantStates (TimeStamp, PlantState) VALUES ('20190412 23:59:59', 0)
INSERT INTO dbo.PlantStateDuration (TimeStamp, OffDuration, OnRunningDuration, OnStoppedfDuration) VALUES ('20190412 23:59:59', '19:42:18', '00:00:00', '04:17:41')
INSERT INTO dbo.DailyProduction (TimeStamp, NumPieces, NumPiecesRejected) VALUES ('20190412 23:59:59', 728, 400.4)
INSERT INTO dbo.PlantStates (TimeStamp, PlantState) VALUES ('20190413 00:00:00', 1)
INSERT INTO dbo.PlantStates (TimeStamp, PlantState) VALUES ('20190413 18:14:38', 2)
INSERT INTO dbo.PlantStates (TimeStamp, PlantState) VALUES ('20190413 23:33:05', 1)
INSERT INTO dbo.PlantStates (TimeStamp, PlantState) VALUES ('20190413 23:48:16', 2)
INSERT INTO dbo.PlantStates (TimeStamp, PlantState) VALUES ('20190413 23:49:02', 0)
INSERT INTO dbo.PlantStates (TimeStamp, PlantState) VALUES ('20190413 23:59:59', 2)
INSERT INTO dbo.PlantStateDuration (TimeStamp, OffDuration, OnRunningDuration, OnStoppedfDuration) VALUES ('20190413 23:59:59', '00:00:46', '05:18:27', '18:40:46')
INSERT INTO dbo.DailyProduction (TimeStamp, NumPieces, NumPiecesRejected) VALUES ('20190413 23:59:59', 76, 64.6)
INSERT INTO dbo.PlantStates (TimeStamp, PlantState) VALUES ('20190414 00:00:00', 0)
INSERT INTO dbo.PlantStates (TimeStamp, PlantState) VALUES ('20190414 03:21:39', 1)
INSERT INTO dbo.PlantStates (TimeStamp, PlantState) VALUES ('20190414 10:15:34', 0)
INSERT INTO dbo.PlantStates (TimeStamp, PlantState) VALUES ('20190414 18:03:19', 1)
INSERT INTO dbo.PlantStates (TimeStamp, PlantState) VALUES ('20190414 18:16:18', 0)
INSERT INTO dbo.PlantStates (TimeStamp, PlantState) VALUES ('20190414 23:59:59', 1)
INSERT INTO dbo.PlantStateDuration (TimeStamp, OffDuration, OnRunningDuration, OnStoppedfDuration) VALUES ('20190414 23:59:59', '07:06:54', '16:53:05', '00:00:00')
INSERT INTO dbo.DailyProduction (TimeStamp, NumPieces, NumPiecesRejected) VALUES ('20190414 23:59:59', 922, 442.56)
INSERT INTO dbo.PlantStates (TimeStamp, PlantState) VALUES ('20190415 00:00:00', 0)
INSERT INTO dbo.PlantStates (TimeStamp, PlantState) VALUES ('20190415 08:10:49', 2)
INSERT INTO dbo.PlantStates (TimeStamp, PlantState) VALUES ('20190415 21:19:33', 0)
INSERT INTO dbo.PlantStates (TimeStamp, PlantState) VALUES ('20190415 22:35:41', 2)
INSERT INTO dbo.PlantStates (TimeStamp, PlantState) VALUES ('20190415 23:45:23', 0)
INSERT INTO dbo.PlantStates (TimeStamp, PlantState) VALUES ('20190415 23:59:59', 2)
INSERT INTO dbo.PlantStateDuration (TimeStamp, OffDuration, OnRunningDuration, OnStoppedfDuration) VALUES ('20190415 23:59:59', '14:18:26', '00:00:00', '09:41:33')
INSERT INTO dbo.DailyProduction (TimeStamp, NumPieces, NumPiecesRejected) VALUES ('20190415 23:59:59', 66, 4.62)
INSERT INTO dbo.PlantStates (TimeStamp, PlantState) VALUES ('20190416 00:00:00', 1)
INSERT INTO dbo.PlantStates (TimeStamp, PlantState) VALUES ('20190416 11:34:04', 0)
INSERT INTO dbo.PlantStates (TimeStamp, PlantState) VALUES ('20190416 12:33:16', 1)
INSERT INTO dbo.PlantStates (TimeStamp, PlantState) VALUES ('20190416 20:26:21', 0)
INSERT INTO dbo.PlantStates (TimeStamp, PlantState) VALUES ('20190416 23:47:35', 1)
INSERT INTO dbo.PlantStates (TimeStamp, PlantState) VALUES ('20190416 23:59:59', 0)
INSERT INTO dbo.PlantStateDuration (TimeStamp, OffDuration, OnRunningDuration, OnStoppedfDuration) VALUES ('20190416 23:59:59', '19:39:33', '04:20:26', '00:00:00')
INSERT INTO dbo.DailyProduction (TimeStamp, NumPieces, NumPiecesRejected) VALUES ('20190416 23:59:59', 662, 529.6)
INSERT INTO dbo.PlantStates (TimeStamp, PlantState) VALUES ('20190417 00:00:00', 2)
INSERT INTO dbo.PlantStates (TimeStamp, PlantState) VALUES ('20190417 00:10:47', 1)
INSERT INTO dbo.PlantStates (TimeStamp, PlantState) VALUES ('20190417 04:03:51', 0)
INSERT INTO dbo.PlantStates (TimeStamp, PlantState) VALUES ('20190417 23:24:46', 2)
INSERT INTO dbo.PlantStates (TimeStamp, PlantState) VALUES ('20190417 23:53:50', 0)
INSERT INTO dbo.PlantStates (TimeStamp, PlantState) VALUES ('20190417 23:59:59', 1)
INSERT INTO dbo.PlantStateDuration (TimeStamp, OffDuration, OnRunningDuration, OnStoppedfDuration) VALUES ('20190417 23:59:59', '04:22:08', '00:16:56', '19:20:55')
INSERT INTO dbo.DailyProduction (TimeStamp, NumPieces, NumPiecesRejected) VALUES ('20190417 23:59:59', 232, 122.96)
INSERT INTO dbo.PlantStates (TimeStamp, PlantState) VALUES ('20190418 00:00:00', 0)
INSERT INTO dbo.PlantStates (TimeStamp, PlantState) VALUES ('20190418 13:11:38', 1)
INSERT INTO dbo.PlantStates (TimeStamp, PlantState) VALUES ('20190418 13:14:46', 0)
INSERT INTO dbo.PlantStates (TimeStamp, PlantState) VALUES ('20190418 14:31:44', 1)
INSERT INTO dbo.PlantStates (TimeStamp, PlantState) VALUES ('20190418 15:19:39', 0)
INSERT INTO dbo.PlantStates (TimeStamp, PlantState) VALUES ('20190418 23:59:59', 1)
INSERT INTO dbo.PlantStateDuration (TimeStamp, OffDuration, OnRunningDuration, OnStoppedfDuration) VALUES ('20190418 23:59:59', '00:51:03', '23:08:56', '00:00:00')
INSERT INTO dbo.DailyProduction (TimeStamp, NumPieces, NumPiecesRejected) VALUES ('20190418 23:59:59', 983, 19.66)
INSERT INTO dbo.PlantStates (TimeStamp, PlantState) VALUES ('20190419 00:00:00', 0)
INSERT INTO dbo.PlantStates (TimeStamp, PlantState) VALUES ('20190419 01:05:22', 2)
INSERT INTO dbo.PlantStates (TimeStamp, PlantState) VALUES ('20190419 02:10:09', 1)
INSERT INTO dbo.PlantStates (TimeStamp, PlantState) VALUES ('20190419 23:55:29', 0)
INSERT INTO dbo.PlantStates (TimeStamp, PlantState) VALUES ('20190419 23:57:51', 2)
INSERT INTO dbo.PlantStates (TimeStamp, PlantState) VALUES ('20190419 23:59:59', 0)
INSERT INTO dbo.PlantStateDuration (TimeStamp, OffDuration, OnRunningDuration, OnStoppedfDuration) VALUES ('20190419 23:59:59', '21:47:28', '01:04:47', '01:07:44')
INSERT INTO dbo.DailyProduction (TimeStamp, NumPieces, NumPiecesRejected) VALUES ('20190419 23:59:59', 859, 592.71)
INSERT INTO dbo.PlantStates (TimeStamp, PlantState) VALUES ('20190420 00:00:00', 1)
INSERT INTO dbo.PlantStates (TimeStamp, PlantState) VALUES ('20190420 07:31:00', 0)
INSERT INTO dbo.PlantStates (TimeStamp, PlantState) VALUES ('20190420 20:08:14', 1)
INSERT INTO dbo.PlantStates (TimeStamp, PlantState) VALUES ('20190420 21:15:13', 2)
INSERT INTO dbo.PlantStates (TimeStamp, PlantState) VALUES ('20190420 23:26:14', 0)
INSERT INTO dbo.PlantStates (TimeStamp, PlantState) VALUES ('20190420 23:59:59', 2)
INSERT INTO dbo.PlantStateDuration (TimeStamp, OffDuration, OnRunningDuration, OnStoppedfDuration) VALUES ('20190420 23:59:59', '09:42:01', '12:37:14', '01:40:44')
INSERT INTO dbo.DailyProduction (TimeStamp, NumPieces, NumPiecesRejected) VALUES ('20190420 23:59:59', 728, 101.92)
INSERT INTO dbo.PlantStates (TimeStamp, PlantState) VALUES ('20190421 00:00:00', 0)
INSERT INTO dbo.PlantStates (TimeStamp, PlantState) VALUES ('20190421 05:53:30', 2)
INSERT INTO dbo.PlantStates (TimeStamp, PlantState) VALUES ('20190421 14:38:08', 1)
INSERT INTO dbo.PlantStates (TimeStamp, PlantState) VALUES ('20190421 15:48:31', 2)
INSERT INTO dbo.PlantStates (TimeStamp, PlantState) VALUES ('20190421 17:22:10', 0)
INSERT INTO dbo.PlantStates (TimeStamp, PlantState) VALUES ('20190421 23:59:59', 2)
INSERT INTO dbo.PlantStateDuration (TimeStamp, OffDuration, OnRunningDuration, OnStoppedfDuration) VALUES ('20190421 23:59:59', '01:33:39', '08:44:38', '13:41:42')
INSERT INTO dbo.DailyProduction (TimeStamp, NumPieces, NumPiecesRejected) VALUES ('20190421 23:59:59', 117, 50.31)
INSERT INTO dbo.PlantStates (TimeStamp, PlantState) VALUES ('20190422 00:00:00', 1)
INSERT INTO dbo.PlantStates (TimeStamp, PlantState) VALUES ('20190422 01:59:30', 0)
INSERT INTO dbo.PlantStates (TimeStamp, PlantState) VALUES ('20190422 07:11:32', 1)
INSERT INTO dbo.PlantStates (TimeStamp, PlantState) VALUES ('20190422 12:55:48', 2)
INSERT INTO dbo.PlantStates (TimeStamp, PlantState) VALUES ('20190422 13:51:06', 1)
INSERT INTO dbo.PlantStates (TimeStamp, PlantState) VALUES ('20190422 23:59:59', 2)
INSERT INTO dbo.PlantStateDuration (TimeStamp, OffDuration, OnRunningDuration, OnStoppedfDuration) VALUES ('20190422 23:59:59', '01:59:30', '06:07:20', '15:53:09')
INSERT INTO dbo.DailyProduction (TimeStamp, NumPieces, NumPiecesRejected) VALUES ('20190422 23:59:59', 363, 61.71)
INSERT INTO dbo.PlantStates (TimeStamp, PlantState) VALUES ('20190423 00:00:00', 1)
INSERT INTO dbo.PlantStates (TimeStamp, PlantState) VALUES ('20190423 00:00:01', 0)
INSERT INTO dbo.PlantStates (TimeStamp, PlantState) VALUES ('20190423 00:09:17', 2)
INSERT INTO dbo.PlantStates (TimeStamp, PlantState) VALUES ('20190423 17:22:27', 1)
INSERT INTO dbo.PlantStates (TimeStamp, PlantState) VALUES ('20190423 21:08:32', 2)
INSERT INTO dbo.PlantStates (TimeStamp, PlantState) VALUES ('20190423 23:59:59', 0)
INSERT INTO dbo.PlantStateDuration (TimeStamp, OffDuration, OnRunningDuration, OnStoppedfDuration) VALUES ('20190423 23:59:59', '02:51:28', '17:13:10', '03:55:21')
INSERT INTO dbo.DailyProduction (TimeStamp, NumPieces, NumPiecesRejected) VALUES ('20190423 23:59:59', 431, 90.51)
INSERT INTO dbo.PlantStates (TimeStamp, PlantState) VALUES ('20190424 00:00:00', 1)
INSERT INTO dbo.PlantStates (TimeStamp, PlantState) VALUES ('20190424 07:50:36', 0)
INSERT INTO dbo.PlantStates (TimeStamp, PlantState) VALUES ('20190424 11:04:26', 1)
INSERT INTO dbo.PlantStates (TimeStamp, PlantState) VALUES ('20190424 23:46:31', 0)
INSERT INTO dbo.PlantStates (TimeStamp, PlantState) VALUES ('20190424 23:48:53', 1)
INSERT INTO dbo.PlantStates (TimeStamp, PlantState) VALUES ('20190424 23:59:59', 0)
INSERT INTO dbo.PlantStateDuration (TimeStamp, OffDuration, OnRunningDuration, OnStoppedfDuration) VALUES ('20190424 23:59:59', '20:43:47', '03:16:12', '00:00:00')
INSERT INTO dbo.DailyProduction (TimeStamp, NumPieces, NumPiecesRejected) VALUES ('20190424 23:59:59', 837, 569.16)
INSERT INTO dbo.PlantStates (TimeStamp, PlantState) VALUES ('20190425 00:00:00', 1)
INSERT INTO dbo.PlantStates (TimeStamp, PlantState) VALUES ('20190425 08:26:41', 2)
INSERT INTO dbo.PlantStates (TimeStamp, PlantState) VALUES ('20190425 12:54:41', 0)
INSERT INTO dbo.PlantStates (TimeStamp, PlantState) VALUES ('20190425 21:37:55', 2)
INSERT INTO dbo.PlantStates (TimeStamp, PlantState) VALUES ('20190425 23:52:21', 1)
INSERT INTO dbo.PlantStates (TimeStamp, PlantState) VALUES ('20190425 23:59:59', 2)
INSERT INTO dbo.PlantStateDuration (TimeStamp, OffDuration, OnRunningDuration, OnStoppedfDuration) VALUES ('20190425 23:59:59', '04:28:00', '02:14:26', '17:17:33')
INSERT INTO dbo.DailyProduction (TimeStamp, NumPieces, NumPiecesRejected) VALUES ('20190425 23:59:59', 956, 325.04)
INSERT INTO dbo.PlantStates (TimeStamp, PlantState) VALUES ('20190426 00:00:00', 0)
INSERT INTO dbo.PlantStates (TimeStamp, PlantState) VALUES ('20190426 08:09:27', 1)
INSERT INTO dbo.PlantStates (TimeStamp, PlantState) VALUES ('20190426 13:48:19', 2)
INSERT INTO dbo.PlantStates (TimeStamp, PlantState) VALUES ('20190426 22:18:51', 1)
INSERT INTO dbo.PlantStates (TimeStamp, PlantState) VALUES ('20190426 22:24:08', 0)
INSERT INTO dbo.PlantStates (TimeStamp, PlantState) VALUES ('20190426 23:59:59', 1)
INSERT INTO dbo.PlantStateDuration (TimeStamp, OffDuration, OnRunningDuration, OnStoppedfDuration) VALUES ('20190426 23:59:59', '00:05:17', '18:15:50', '05:38:52')
INSERT INTO dbo.DailyProduction (TimeStamp, NumPieces, NumPiecesRejected) VALUES ('20190426 23:59:59', 334, 70.14)
INSERT INTO dbo.PlantStates (TimeStamp, PlantState) VALUES ('20190427 00:00:00', 2)
INSERT INTO dbo.PlantStates (TimeStamp, PlantState) VALUES ('20190427 01:25:32', 1)
INSERT INTO dbo.PlantStates (TimeStamp, PlantState) VALUES ('20190427 10:20:00', 2)
INSERT INTO dbo.PlantStates (TimeStamp, PlantState) VALUES ('20190427 21:01:09', 1)
INSERT INTO dbo.PlantStates (TimeStamp, PlantState) VALUES ('20190427 22:52:28', 0)
INSERT INTO dbo.PlantStates (TimeStamp, PlantState) VALUES ('20190427 23:59:59', 1)
INSERT INTO dbo.PlantStateDuration (TimeStamp, OffDuration, OnRunningDuration, OnStoppedfDuration) VALUES ('20190427 23:59:59', '01:51:19', '13:14:12', '08:54:28')
INSERT INTO dbo.DailyProduction (TimeStamp, NumPieces, NumPiecesRejected) VALUES ('20190427 23:59:59', 271, 8.13)
INSERT INTO dbo.PlantStates (TimeStamp, PlantState) VALUES ('20190428 00:00:00', 2)
INSERT INTO dbo.PlantStates (TimeStamp, PlantState) VALUES ('20190428 04:46:39', 0)
INSERT INTO dbo.PlantStates (TimeStamp, PlantState) VALUES ('20190428 17:19:53', 2)
INSERT INTO dbo.PlantStates (TimeStamp, PlantState) VALUES ('20190428 23:22:08', 0)
INSERT INTO dbo.PlantStates (TimeStamp, PlantState) VALUES ('20190428 23:51:48', 2)
INSERT INTO dbo.PlantStates (TimeStamp, PlantState) VALUES ('20190428 23:59:59', 1)
INSERT INTO dbo.PlantStateDuration (TimeStamp, OffDuration, OnRunningDuration, OnStoppedfDuration) VALUES ('20190428 23:59:59', '10:48:54', '00:08:11', '13:02:54')
INSERT INTO dbo.DailyProduction (TimeStamp, NumPieces, NumPiecesRejected) VALUES ('20190428 23:59:59', 281, 16.86)
INSERT INTO dbo.PlantStates (TimeStamp, PlantState) VALUES ('20190429 00:00:00', 0)
INSERT INTO dbo.PlantStates (TimeStamp, PlantState) VALUES ('20190429 14:06:11', 1)
INSERT INTO dbo.PlantStates (TimeStamp, PlantState) VALUES ('20190429 14:57:05', 0)
INSERT INTO dbo.PlantStates (TimeStamp, PlantState) VALUES ('20190429 21:21:51', 1)
INSERT INTO dbo.PlantStates (TimeStamp, PlantState) VALUES ('20190429 21:22:07', 2)
INSERT INTO dbo.PlantStates (TimeStamp, PlantState) VALUES ('20190429 23:59:59', 0)
INSERT INTO dbo.PlantStateDuration (TimeStamp, OffDuration, OnRunningDuration, OnStoppedfDuration) VALUES ('20190429 23:59:59', '03:28:46', '20:30:57', '00:00:16')
INSERT INTO dbo.DailyProduction (TimeStamp, NumPieces, NumPiecesRejected) VALUES ('20190429 23:59:59', 573, 441.21)
INSERT INTO dbo.PlantStates (TimeStamp, PlantState) VALUES ('20190430 00:00:00', 1)
INSERT INTO dbo.PlantStates (TimeStamp, PlantState) VALUES ('20190430 08:33:17', 0)
INSERT INTO dbo.PlantStates (TimeStamp, PlantState) VALUES ('20190430 13:30:52', 2)
INSERT INTO dbo.PlantStates (TimeStamp, PlantState) VALUES ('20190430 19:33:37', 0)
INSERT INTO dbo.PlantStates (TimeStamp, PlantState) VALUES ('20190430 22:45:19', 2)
INSERT INTO dbo.PlantStates (TimeStamp, PlantState) VALUES ('20190430 23:59:59', 0)
INSERT INTO dbo.PlantStateDuration (TimeStamp, OffDuration, OnRunningDuration, OnStoppedfDuration) VALUES ('20190430 23:59:59', '15:50:42', '00:00:00', '08:09:17')
INSERT INTO dbo.DailyProduction (TimeStamp, NumPieces, NumPiecesRejected) VALUES ('20190430 23:59:59', 550, 418)
INSERT INTO dbo.PlantStates (TimeStamp, PlantState) VALUES ('20190501 00:00:00', 1)
INSERT INTO dbo.PlantStates (TimeStamp, PlantState) VALUES ('20190501 05:48:18', 2)
INSERT INTO dbo.PlantStates (TimeStamp, PlantState) VALUES ('20190501 17:17:03', 0)
INSERT INTO dbo.PlantStates (TimeStamp, PlantState) VALUES ('20190501 23:32:57', 2)
INSERT INTO dbo.PlantStates (TimeStamp, PlantState) VALUES ('20190501 23:33:21', 0)
INSERT INTO dbo.PlantStates (TimeStamp, PlantState) VALUES ('20190501 23:59:59', 2)
INSERT INTO dbo.PlantStateDuration (TimeStamp, OffDuration, OnRunningDuration, OnStoppedfDuration) VALUES ('20190501 23:59:59', '11:29:09', '00:00:00', '12:30:50')
INSERT INTO dbo.DailyProduction (TimeStamp, NumPieces, NumPiecesRejected) VALUES ('20190501 23:59:59', 420, 302.4)
INSERT INTO dbo.PlantStates (TimeStamp, PlantState) VALUES ('20190502 00:00:00', 1)
INSERT INTO dbo.PlantStates (TimeStamp, PlantState) VALUES ('20190502 01:26:55', 0)
INSERT INTO dbo.PlantStates (TimeStamp, PlantState) VALUES ('20190502 12:33:23', 1)
INSERT INTO dbo.PlantStates (TimeStamp, PlantState) VALUES ('20190502 21:32:40', 0)
INSERT INTO dbo.PlantStates (TimeStamp, PlantState) VALUES ('20190502 22:27:41', 2)
INSERT INTO dbo.PlantStates (TimeStamp, PlantState) VALUES ('20190502 23:59:59', 1)
INSERT INTO dbo.PlantStateDuration (TimeStamp, OffDuration, OnRunningDuration, OnStoppedfDuration) VALUES ('20190502 23:59:59', '10:26:12', '12:38:46', '00:55:01')
INSERT INTO dbo.DailyProduction (TimeStamp, NumPieces, NumPiecesRejected) VALUES ('20190502 23:59:59', 924, 831.6)
INSERT INTO dbo.PlantStates (TimeStamp, PlantState) VALUES ('20190503 00:00:00', 2)
INSERT INTO dbo.PlantStates (TimeStamp, PlantState) VALUES ('20190503 03:54:54', 1)
INSERT INTO dbo.PlantStates (TimeStamp, PlantState) VALUES ('20190503 11:37:51', 2)
INSERT INTO dbo.PlantStates (TimeStamp, PlantState) VALUES ('20190503 14:12:51', 0)
INSERT INTO dbo.PlantStates (TimeStamp, PlantState) VALUES ('20190503 21:51:36', 1)
INSERT INTO dbo.PlantStates (TimeStamp, PlantState) VALUES ('20190503 23:59:59', 0)
INSERT INTO dbo.PlantStateDuration (TimeStamp, OffDuration, OnRunningDuration, OnStoppedfDuration) VALUES ('20190503 23:59:59', '04:43:23', '11:33:39', '07:42:57')
INSERT INTO dbo.DailyProduction (TimeStamp, NumPieces, NumPiecesRejected) VALUES ('20190503 23:59:59', 621, 37.26)
INSERT INTO dbo.PlantStates (TimeStamp, PlantState) VALUES ('20190504 00:00:00', 1)
INSERT INTO dbo.PlantStates (TimeStamp, PlantState) VALUES ('20190504 09:39:17', 2)
INSERT INTO dbo.PlantStates (TimeStamp, PlantState) VALUES ('20190504 16:48:17', 0)
INSERT INTO dbo.PlantStates (TimeStamp, PlantState) VALUES ('20190504 21:45:25', 1)
INSERT INTO dbo.PlantStates (TimeStamp, PlantState) VALUES ('20190504 22:11:53', 2)
INSERT INTO dbo.PlantStates (TimeStamp, PlantState) VALUES ('20190504 23:59:59', 0)
INSERT INTO dbo.PlantStateDuration (TimeStamp, OffDuration, OnRunningDuration, OnStoppedfDuration) VALUES ('20190504 23:59:59', '08:57:06', '04:57:08', '10:05:45')
INSERT INTO dbo.DailyProduction (TimeStamp, NumPieces, NumPiecesRejected) VALUES ('20190504 23:59:59', 585, 128.7)
INSERT INTO dbo.PlantStates (TimeStamp, PlantState) VALUES ('20190505 00:00:00', 2)
INSERT INTO dbo.PlantStates (TimeStamp, PlantState) VALUES ('20190505 13:58:01', 0)
INSERT INTO dbo.PlantStates (TimeStamp, PlantState) VALUES ('20190505 18:35:23', 1)
INSERT INTO dbo.PlantStates (TimeStamp, PlantState) VALUES ('20190505 23:06:45', 2)
INSERT INTO dbo.PlantStates (TimeStamp, PlantState) VALUES ('20190505 23:52:38', 1)
INSERT INTO dbo.PlantStates (TimeStamp, PlantState) VALUES ('20190505 23:59:59', 0)
INSERT INTO dbo.PlantStateDuration (TimeStamp, OffDuration, OnRunningDuration, OnStoppedfDuration) VALUES ('20190505 23:59:59', '14:05:22', '05:23:15', '04:31:22')
INSERT INTO dbo.DailyProduction (TimeStamp, NumPieces, NumPiecesRejected) VALUES ('20190505 23:59:59', 62, 2.48)
INSERT INTO dbo.PlantStates (TimeStamp, PlantState) VALUES ('20190506 00:00:00', 2)
INSERT INTO dbo.PlantStates (TimeStamp, PlantState) VALUES ('20190506 01:16:53', 1)
INSERT INTO dbo.PlantStates (TimeStamp, PlantState) VALUES ('20190506 07:41:40', 0)
INSERT INTO dbo.PlantStates (TimeStamp, PlantState) VALUES ('20190506 13:35:57', 2)
INSERT INTO dbo.PlantStates (TimeStamp, PlantState) VALUES ('20190506 18:16:49', 0)
INSERT INTO dbo.PlantStates (TimeStamp, PlantState) VALUES ('20190506 23:59:59', 2)
INSERT INTO dbo.PlantStateDuration (TimeStamp, OffDuration, OnRunningDuration, OnStoppedfDuration) VALUES ('20190506 23:59:59', '11:05:39', '01:16:53', '11:37:27')
INSERT INTO dbo.DailyProduction (TimeStamp, NumPieces, NumPiecesRejected) VALUES ('20190506 23:59:59', 510, 494.7)
INSERT INTO dbo.PlantStates (TimeStamp, PlantState) VALUES ('20190507 00:00:00', 0)
INSERT INTO dbo.PlantStates (TimeStamp, PlantState) VALUES ('20190507 17:27:38', 2)
INSERT INTO dbo.PlantStates (TimeStamp, PlantState) VALUES ('20190507 20:11:58', 0)
INSERT INTO dbo.PlantStates (TimeStamp, PlantState) VALUES ('20190507 22:42:03', 2)
INSERT INTO dbo.PlantStates (TimeStamp, PlantState) VALUES ('20190507 23:29:26', 0)
INSERT INTO dbo.PlantStates (TimeStamp, PlantState) VALUES ('20190507 23:59:59', 1)
INSERT INTO dbo.PlantStateDuration (TimeStamp, OffDuration, OnRunningDuration, OnStoppedfDuration) VALUES ('20190507 23:59:59', '03:31:43', '00:30:33', '19:57:43')
INSERT INTO dbo.DailyProduction (TimeStamp, NumPieces, NumPiecesRejected) VALUES ('20190507 23:59:59', 612, 550.8)
INSERT INTO dbo.PlantStates (TimeStamp, PlantState) VALUES ('20190508 00:00:00', 2)
INSERT INTO dbo.PlantStates (TimeStamp, PlantState) VALUES ('20190508 04:12:16', 0)
INSERT INTO dbo.PlantStates (TimeStamp, PlantState) VALUES ('20190508 08:00:27', 1)
INSERT INTO dbo.PlantStates (TimeStamp, PlantState) VALUES ('20190508 12:06:52', 0)
INSERT INTO dbo.PlantStates (TimeStamp, PlantState) VALUES ('20190508 12:14:41', 1)
INSERT INTO dbo.PlantStates (TimeStamp, PlantState) VALUES ('20190508 23:59:59', 2)
INSERT INTO dbo.PlantStateDuration (TimeStamp, OffDuration, OnRunningDuration, OnStoppedfDuration) VALUES ('20190508 23:59:59', '08:18:41', '03:56:00', '11:45:18')
INSERT INTO dbo.DailyProduction (TimeStamp, NumPieces, NumPiecesRejected) VALUES ('20190508 23:59:59', 626, 162.76)
